1, 663559, 5
2, 661066, 5
2, 798956, 3
3, 663559, 5
3, 663858, 1
3, 644387, 2
4, 640832, 4
4, 663313, 5
4, 639749, 2
4, 658509, 5
5, 645730, 2
5, 633942, 1
5, 631880, 5
5, 716218, 2
5, 633221, 5
6, 661188, 1
6, 651729, 2
6, 798956, 5
6, 661188, 5
6, 646524, 1
6, 635059, 1
7, 644387, 1
7, 651729, 2
7, 716415, 2
7, 665029, 5
7, 640062, 2
7, 640832, 4
7, 663559, 3
8, 651729, 3
8, 646524, 2
8, 766453, 5
8, 716431, 1
8, 663313, 5
8, 645730, 5
8, 661066, 4
8, 661188, 3
9, 644387, 4
9, 641005, 2
9, 644387, 3
9, 716413, 5
9, 716290, 4
9, 639749, 2
9, 643505, 2
9, 652417, 2
9, 663313, 5
10, 644387, 3
10, 766453, 4
10, 716218, 4
10, 632252, 5
10, 644387, 1
10, 644094, 5
10, 716406, 5
10, 645988, 4
10, 661188, 2
10, 645988, 5
11, 644218, 1
11, 632155, 4
11, 658509, 5
11, 640720, 1
11, 775585, 5
11, 640062, 5
11, 643505, 5
11, 645988, 1
11, 641005, 5
11, 716415, 5
11, 661066, 5
12, 631841, 5
12, 716627, 5
12, 716431, 1
12, 661066, 5
12, 716627, 2
12, 661066, 1
12, 632252, 1
12, 632155, 4
12, 663858, 4
12, 633942, 5
12, 635059, 2
12, 663313, 5
13, 643505, 2
13, 631841, 2
13, 664147, 3
13, 637187, 3
13, 640720, 3
13, 643505, 2
13, 798956, 4
13, 716218, 4
13, 631841, 2
13, 645730, 5
13, 782600, 4
13, 640062, 2
13, 663858, 4
14, 633942, 5
14, 798956, 1
14, 716218, 4
14, 641005, 4
14, 716627, 5
14, 640832, 3
14, 643505, 1
14, 637187, 5
14, 652423, 5
14, 637766, 5
14, 782600, 2
14, 632155, 5
14, 631880, 5
14, 716431, 5
15, 652417, 3
15, 660146, 3
15, 635059, 3
15, 658607, 3
15, 661653, 5
15, 665029, 5
15, 664501, 3
15, 637187, 3
15, 661188, 3
15, 633942, 4
15, 716413, 4
15, 658152, 4
15, 644094, 2
15, 775585, 1
15, 640062, 3
16, 716406, 4
16, 643505, 2
16, 652423, 5
16, 663313, 5
16, 664147, 5
16, 782600, 1
16, 652423, 4
16, 643505, 2
16, 631880, 1
16, 716413, 1
16, 716218, 5
16, 716218, 4
16, 775585, 3
16, 640062, 2
16, 641005, 2
16, 716290, 4
17, 631841, 5
17, 637766, 3
17, 652423, 5
17, 652423, 1
17, 637187, 2
17, 652423, 2
17, 716413, 5
17, 645988, 3
17, 664501, 4
17, 643505, 3
17, 716413, 2
17, 643505, 1
17, 661653, 1
17, 798956, 4
17, 640062, 4
17, 663313, 2
17, 641005, 1
18, 716431, 1
18, 645988, 3
18, 632252, 2
18, 661188, 2
18, 640062, 3
18, 651729, 5
18, 641005, 3
18, 798956, 2
18, 632252, 1
18, 782600, 1
18, 643505, 5
18, 640720, 2
18, 663313, 3
18, 639749, 1
18, 782600, 2
18, 631841, 2
18, 663858, 1
18, 665029, 3
19, 645988, 2
19, 661066, 5
19, 640062, 5
19, 652423, 4
19, 716218, 1
19, 644387, 2
19, 640720, 4
19, 716413, 4
19, 658607, 5
19, 661066, 5
19, 658607, 3
19, 633221, 4
19, 782600, 3
19, 716431, 1
19, 635059, 1
19, 640720, 5
19, 637187, 3
19, 635059, 1
19, 644094, 4
20, 663559, 3
20, 716290, 5
20, 633942, 2
20, 633221, 2
20, 640062, 5
20, 658607, 3
20, 635059, 5
20, 635059, 3
20, 716413, 5
20, 632155, 5
20, 716406, 5
20, 644094, 5
20, 716415, 5
20, 665029, 5
20, 644094, 1
20, 716431, 2
20, 632252, 4
20, 639593, 1
20, 716413, 1
20, 639593, 3
21, 632252, 4
21, 663313, 4
21, 640832, 1
21, 639593, 1
21, 635059, 2
21, 664147, 3
21, 658509, 1
21, 663313, 4
21, 645988, 1
21, 660146, 5
21, 658607, 1
21, 644094, 1
21, 639749, 2
21, 645730, 3
21, 716413, 5
21, 645988, 1
21, 661188, 4
21, 637187, 5
21, 716431, 2
21, 658152, 4
21, 652423, 3
22, 652417, 5
22, 663313, 5
22, 643505, 2
22, 645988, 1
22, 716627, 2
22, 664147, 5
22, 663559, 2
22, 645730, 2
22, 644387, 5
22, 716406, 5
22, 716218, 4
22, 716406, 2
22, 716431, 2
22, 637187, 2
22, 640062, 4
22, 644218, 4
22, 716218, 5
22, 716415, 5
22, 665029, 5
22, 644218, 1
22, 663858, 3
22, 716431, 2
23, 643505, 5
23, 637766, 4
23, 632252, 1
23, 641005, 3
23, 716413, 1
23, 631841, 5
23, 652417, 4
23, 644218, 4
23, 637187, 2
23, 716413, 5
23, 658509, 1
23, 646524, 1
23, 782600, 2
23, 716415, 3
23, 641005, 2
23, 798956, 1
23, 661066, 5
23, 644094, 2
23, 660146, 4
23, 641005, 4
23, 658509, 4
23, 639749, 4
23, 637187, 2
24, 637187, 4
24, 766453, 1
24, 640720, 5
24, 716627, 5
24, 661188, 5
24, 716627, 4
24, 632252, 1
24, 716415, 3
24, 658509, 1
24, 716415, 3
24, 775585, 4
24, 644218, 5
24, 660146, 3
24, 664501, 1
24, 661066, 4
24, 645988, 2
24, 645730, 5
24, 652423, 5
24, 644094, 1
24, 641005, 2
24, 660146, 5
24, 631880, 1
24, 646524, 2
24, 652417, 1
25, 782600, 3
25, 651729, 1
25, 664501, 5
25, 716627, 5
25, 798956, 4
25, 782600, 3
25, 664147, 3
25, 798956, 3
25, 716290, 5
25, 661066, 5
25, 639593, 2
25, 632252, 4
25, 645988, 5
25, 661653, 1
25, 644218, 1
25, 658152, 4
25, 645988, 2
25, 633221, 5
25, 775585, 5
25, 640720, 3
25, 661653, 4
25, 652423, 3
25, 641005, 2
25, 637766, 1
25, 637766, 2
26, 658509, 1
26, 663559, 3
26, 645988, 4
26, 637766, 5
26, 652417, 1
26, 639593, 2
26, 716415, 3
26, 644218, 1
26, 664147, 1
26, 643505, 3
26, 661066, 2
26, 663559, 4
26, 716627, 2
26, 652423, 2
26, 639593, 5
26, 643505, 3
26, 631841, 4
26, 644218, 4
26, 632252, 5
26, 658152, 1
26, 716431, 3
26, 631880, 1
26, 645988, 5
26, 637766, 3
26, 631841, 2
26, 798956, 2
27, 632252, 1
27, 635059, 4
27, 658607, 5
27, 631880, 4
27, 766453, 5
27, 631880, 3
27, 664501, 4
27, 639593, 2
27, 660146, 3
27, 652423, 1
27, 716218, 5
27, 775585, 2
27, 663858, 3
27, 644094, 3
27, 645988, 2
27, 637187, 2
27, 645988, 4
27, 664147, 4
27, 637187, 2
27, 665029, 5
27, 651729, 3
27, 644094, 5
27, 716413, 3
27, 644094, 5
27, 637766, 1
27, 652423, 5
27, 652417, 5
28, 663559, 4
28, 633221, 1
28, 716413, 3
28, 665029, 2
28, 631841, 1
28, 637187, 4
28, 716415, 1
28, 632155, 1
28, 635059, 5
28, 716406, 3
28, 639593, 1
28, 632252, 5
28, 766453, 4
28, 631841, 3
28, 645730, 2
28, 658607, 5
28, 766453, 1
28, 641005, 3
28, 637766, 3
28, 652417, 3
28, 766453, 3
28, 641005, 4
28, 646524, 4
28, 644387, 5
28, 658607, 2
28, 637187, 4
28, 766453, 5
28, 775585, 1
29, 652423, 3
29, 640062, 2
29, 716413, 1
29, 716290, 4
29, 639593, 3
29, 646524, 4
29, 658607, 3
29, 658509, 2
29, 639593, 4
29, 663858, 3
29, 637766, 4
29, 658607, 3
29, 644387, 4
29, 652417, 1
29, 663559, 5
29, 775585, 5
29, 658152, 2
29, 652423, 5
29, 640720, 2
29, 663858, 1
29, 663559, 1
29, 644387, 3
29, 664501, 2
29, 716218, 2
29, 652417, 3
29, 635059, 4
29, 652423, 4
29, 716218, 4
29, 640832, 4
30, 639593, 4
30, 798956, 1
30, 664147, 5
30, 766453, 2
30, 766453, 3
30, 664147, 4
30, 658607, 1
30, 639593, 3
30, 652423, 2
30, 782600, 3
30, 631880, 3
30, 664501, 1
30, 631880, 1
30, 716413, 5
30, 639593, 5
30, 716218, 5
30, 635059, 2
30, 716406, 1
30, 651729, 4
30, 716218, 3
30, 632252, 3
30, 631841, 2
30, 644387, 5
30, 637766, 1
30, 645988, 5
30, 632252, 1
30, 631880, 1
30, 716415, 4
30, 661066, 3
30, 632252, 1
31, 640832, 3
31, 775585, 1
31, 716290, 2
31, 661066, 3
31, 665029, 3
31, 716627, 1
31, 640062, 3
31, 640832, 3
31, 716290, 1
31, 633221, 4
31, 633942, 4
31, 663559, 3
31, 639593, 1
31, 631841, 1
31, 716413, 5
31, 640062, 4
31, 640720, 1
31, 716218, 3
31, 658152, 2
31, 631880, 2
31, 631880, 5
31, 664501, 2
31, 641005, 2
31, 716406, 2
31, 644218, 2
31, 640062, 2
31, 716431, 3
31, 646524, 4
31, 652417, 4
31, 658607, 5
31, 716218, 4
32, 633942, 3
32, 631880, 5
32, 716218, 5
32, 716406, 2
32, 633942, 2
32, 658509, 1
32, 644094, 4
32, 658607, 2
32, 637187, 1
32, 664147, 4
32, 640720, 2
32, 640832, 1
32, 716406, 2
32, 640720, 5
32, 661188, 4
32, 658607, 1
32, 658152, 2
32, 646524, 2
32, 641005, 3
32, 716415, 3
32, 635059, 3
32, 658152, 5
32, 663313, 2
32, 640832, 5
32, 716627, 3
32, 716406, 5
32, 766453, 4
32, 644094, 5
32, 637187, 3
32, 633221, 5
32, 664147, 2
32, 639593, 2
33, 631880, 3
33, 716413, 4
33, 637187, 2
33, 716415, 5
33, 716290, 3
33, 798956, 1
33, 782600, 1
33, 645988, 5
33, 716406, 4
33, 646524, 2
33, 640720, 5
33, 637187, 3
33, 639749, 1
33, 644218, 4
33, 639749, 3
33, 640832, 3
33, 635059, 4
33, 631841, 5
33, 664147, 1
33, 782600, 5
33, 658607, 5
33, 645988, 5
33, 716415, 2
33, 632155, 5
33, 631841, 2
33, 646524, 5
33, 635059, 1
33, 652423, 4
33, 663559, 5
33, 652417, 4
33, 660146, 2
33, 716290, 2
33, 716218, 1
34, 644218, 2
34, 658152, 3
34, 658607, 3
34, 652423, 3
34, 658509, 4
34, 632155, 5
34, 716290, 5
34, 651729, 3
34, 658152, 1
34, 658509, 2
34, 663858, 3
34, 665029, 1
34, 658509, 3
34, 658607, 3
34, 633942, 3
34, 644094, 3
34, 766453, 4
34, 637187, 2
34, 766453, 5
34, 658607, 5
34, 637187, 2
34, 635059, 4
34, 632155, 5
34, 658509, 2
34, 641005, 4
34, 661188, 3
34, 658607, 2
34, 637187, 3
34, 663313, 5
34, 652417, 2
34, 639749, 4
34, 664501, 3
34, 658607, 3
34, 716413, 5
35, 652417, 4
35, 632252, 2
35, 633221, 4
35, 652423, 2
35, 716415, 5
35, 658607, 1
35, 664501, 3
35, 640720, 4
35, 716413, 5
35, 660146, 4
35, 637187, 1
35, 641005, 4
35, 652417, 4
35, 661653, 5
35, 643505, 3
35, 716406, 1
35, 652417, 1
35, 632155, 3
35, 633942, 5
35, 661188, 4
35, 782600, 5
35, 716218, 5
35, 646524, 1
35, 640062, 1
35, 775585, 5
35, 658509, 1
35, 633942, 3
35, 633942, 5
35, 631880, 2
35, 652417, 4
35, 661653, 5
35, 639593, 2
35, 645988, 5
35, 639749, 3
35, 635059, 2
36, 716627, 2
36, 640832, 4
36, 658152, 5
36, 644387, 4
36, 664147, 3
36, 652423, 1
36, 645988, 4
36, 640720, 4
36, 632155, 4
36, 637766, 1
36, 775585, 1
36, 640720, 3
36, 664147, 5
36, 641005, 2
36, 661653, 5
36, 632252, 1
36, 633221, 3
36, 633221, 1
36, 639593, 2
36, 639593, 1
36, 631880, 2
36, 782600, 5
36, 631880, 4
36, 663858, 3
36, 644218, 4
36, 716415, 1
36, 632252, 1
36, 658509, 2
36, 637766, 4
36, 631841, 1
36, 716415, 2
36, 632252, 3
36, 640720, 4
36, 646524, 3
36, 640062, 4
36, 663559, 4
37, 658607, 5
37, 661188, 4
37, 716290, 1
37, 664147, 4
37, 644387, 4
37, 766453, 3
37, 639593, 5
37, 645988, 1
37, 637766, 4
37, 661653, 3
37, 663858, 5
37, 658152, 3
37, 716415, 3
37, 641005, 1
37, 716413, 4
37, 798956, 5
37, 641005, 5
37, 644218, 5
37, 664147, 3
37, 665029, 5
37, 631880, 3
37, 651729, 1
37, 661188, 4
37, 640720, 3
37, 633221, 1
37, 716413, 4
37, 641005, 3
37, 661066, 1
37, 646524, 2
37, 644218, 1
37, 639749, 5
37, 663313, 4
37, 641005, 1
37, 716406, 1
37, 631841, 1
37, 798956, 2
37, 635059, 1
38, 644387, 4
38, 663858, 3
38, 633221, 1
38, 658152, 2
38, 633942, 5
38, 631880, 1
38, 766453, 5
38, 644387, 5
38, 658509, 3
38, 716413, 3
38, 645988, 5
38, 637766, 1
38, 658607, 3
38, 661066, 4
38, 632155, 4
38, 716218, 2
38, 633221, 3
38, 652417, 1
38, 641005, 1
38, 631841, 4
38, 798956, 4
38, 632252, 4
38, 661188, 5
38, 716431, 4
38, 644094, 4
38, 663559, 5
38, 639749, 2
38, 658152, 2
38, 775585, 2
38, 645988, 2
38, 643505, 1
38, 798956, 5
38, 661188, 3
38, 645730, 5
38, 716413, 4
38, 640062, 1
38, 716290, 5
38, 766453, 2
39, 716413, 1
39, 639593, 3
39, 645730, 5
39, 661066, 5
39, 663858, 4
39, 644387, 3
39, 775585, 5
39, 640832, 4
39, 632155, 3
39, 631841, 4
39, 716290, 2
39, 716431, 1
39, 664501, 2
39, 640720, 3
39, 635059, 1
39, 664147, 2
39, 664147, 3
39, 658607, 3
39, 639593, 1
39, 716415, 4
39, 644094, 4
39, 645988, 5
39, 645730, 1
39, 661066, 4
39, 631880, 3
39, 643505, 5
39, 631841, 3
39, 716413, 1
39, 646524, 5
39, 716218, 4
39, 775585, 4
39, 651729, 5
39, 663313, 3
39, 716627, 4
39, 644094, 5
39, 644218, 3
39, 663559, 1
39, 639749, 1
39, 716290, 5
40, 644387, 2
40, 658509, 5
40, 633942, 3
40, 661653, 2
40, 631880, 4
40, 651729, 5
40, 663858, 3
40, 716406, 2
40, 661653, 2
40, 658607, 5
40, 766453, 4
40, 644387, 3
40, 639749, 4
40, 632252, 4
40, 640832, 2
40, 631880, 5
40, 716406, 1
40, 640832, 3
40, 658152, 2
40, 632155, 4
40, 664501, 4
40, 632252, 2
40, 640062, 5
40, 716290, 1
40, 663858, 2
40, 645988, 5
40, 637766, 4
40, 640832, 5
40, 640062, 5
40, 644218, 5
40, 664147, 1
40, 665029, 1
40, 658607, 4
40, 716627, 1
40, 716431, 1
40, 645988, 4
40, 645730, 5
40, 716431, 5
40, 663858, 5
40, 633942, 2
41, 637766, 4
41, 658152, 3
41, 664501, 1
41, 632155, 4
41, 716415, 2
41, 798956, 3
41, 645988, 4
41, 658152, 5
41, 644218, 5
41, 631880, 4
41, 782600, 4
41, 716415, 2
41, 658509, 3
41, 716218, 5
41, 775585, 4
41, 716406, 5
41, 631841, 3
41, 661188, 3
41, 661066, 4
41, 658152, 2
41, 635059, 3
41, 716218, 1
41, 631880, 1
41, 716406, 5
41, 631841, 3
41, 658509, 4
41, 632155, 2
41, 640062, 2
41, 782600, 1
41, 639593, 3
41, 643505, 2
41, 658607, 3
41, 645988, 5
41, 663313, 4
41, 716431, 2
41, 645730, 3
41, 646524, 3
41, 658607, 2
41, 645730, 4
41, 652417, 1
41, 652417, 1
42, 716290, 1
42, 661188, 3
42, 798956, 2
42, 716290, 3
42, 663858, 4
42, 640062, 1
42, 652417, 4
42, 658607, 3
42, 782600, 4
42, 798956, 4
42, 645988, 3
42, 645988, 3
42, 633221, 5
42, 640832, 4
42, 645730, 5
42, 637187, 5
42, 633221, 2
42, 716431, 1
42, 716415, 1
42, 660146, 1
42, 637766, 3
42, 640062, 3
42, 716290, 3
42, 640832, 4
42, 716290, 4
42, 637766, 5
42, 663858, 2
42, 632155, 5
42, 641005, 3
42, 644218, 4
42, 644094, 5
42, 716218, 2
42, 661653, 3
42, 661653, 4
42, 766453, 4
42, 660146, 5
42, 658509, 5
42, 716415, 5
42, 663858, 1
42, 782600, 1
42, 798956, 5
42, 658607, 2
43, 716415, 4
43, 658509, 2
43, 633942, 1
43, 716218, 2
43, 658152, 5
43, 644387, 2
43, 661188, 4
43, 775585, 1
43, 658509, 3
43, 639593, 1
43, 663313, 2
43, 663313, 3
43, 651729, 5
43, 635059, 2
43, 645730, 4
43, 716290, 3
43, 645988, 4
43, 663858, 4
43, 652417, 4
43, 716413, 2
43, 637187, 1
43, 716218, 3
43, 663559, 5
43, 716627, 2
43, 716290, 3
43, 633221, 4
43, 644094, 3
43, 640062, 1
43, 652423, 3
43, 663559, 5
43, 782600, 1
43, 663559, 3
43, 663559, 3
43, 633942, 3
43, 637766, 2
43, 658607, 5
43, 631841, 4
43, 665029, 3
43, 632252, 2
43, 798956, 2
43, 633221, 1
43, 663313, 5
43, 637766, 3
44, 640832, 5
44, 661188, 1
44, 651729, 1
44, 639593, 1
44, 766453, 5
44, 652423, 4
44, 637766, 4
44, 716413, 4
44, 663858, 4
44, 663858, 2
44, 639749, 5
44, 637766, 5
44, 632252, 3
44, 641005, 2
44, 631841, 1
44, 640062, 2
44, 665029, 4
44, 664501, 3
44, 664501, 4
44, 663559, 5
44, 640720, 1
44, 782600, 3
44, 633221, 2
44, 775585, 3
44, 782600, 5
44, 661066, 2
44, 640832, 3
44, 661188, 4
44, 664501, 4
44, 652417, 2
44, 633221, 4
44, 639593, 5
44, 663858, 5
44, 652423, 1
44, 635059, 4
44, 661653, 3
44, 637766, 3
44, 766453, 3
44, 645988, 4
44, 637187, 3
44, 632252, 2
44, 645730, 3
44, 716406, 2
44, 663313, 3
45, 632252, 4
45, 661066, 3
45, 716413, 1
45, 661653, 2
45, 716406, 4
45, 775585, 3
45, 645730, 5
45, 639749, 5
45, 716627, 5
45, 665029, 1
45, 645730, 3
45, 658509, 1
45, 633221, 1
45, 646524, 4
45, 644387, 5
45, 644218, 3
45, 775585, 1
45, 640062, 1
45, 716218, 4
45, 661653, 2
45, 716413, 3
45, 658607, 5
45, 640832, 5
45, 644387, 4
45, 782600, 2
45, 637187, 4
45, 633942, 2
45, 645988, 5
45, 641005, 4
45, 716413, 4
45, 798956, 3
45, 716415, 4
45, 716413, 2
45, 660146, 1
45, 652423, 1
45, 661653, 4
45, 631880, 1
45, 660146, 2
45, 641005, 1
45, 716431, 3
45, 645730, 1
45, 637187, 2
45, 641005, 5
45, 716290, 2
45, 632155, 3
46, 664147, 5
46, 661188, 5
46, 644218, 2
46, 663858, 2
46, 632155, 2
46, 716413, 5
46, 716406, 4
46, 766453, 1
46, 663559, 3
46, 631841, 4
46, 631880, 2
46, 664501, 5
46, 631841, 5
46, 640832, 5
46, 632155, 3
46, 664147, 1
46, 658509, 3
46, 640832, 2
46, 651729, 3
46, 631841, 1
46, 663559, 4
46, 782600, 3
46, 716415, 3
46, 664147, 2
46, 658607, 2
46, 663858, 4
46, 641005, 1
46, 661188, 4
46, 640832, 1
46, 645730, 4
46, 661653, 3
46, 798956, 3
46, 660146, 4
46, 660146, 4
46, 645730, 2
46, 652423, 4
46, 637766, 3
46, 716415, 3
46, 631880, 3
46, 716406, 5
46, 632252, 5
46, 631880, 1
46, 658152, 3
46, 640720, 2
46, 645730, 1
46, 652417, 2
47, 632155, 5
47, 664147, 4
47, 640720, 4
47, 664501, 2
47, 766453, 3
47, 644218, 4
47, 798956, 2
47, 716431, 4
47, 716627, 2
47, 716413, 5
47, 663858, 5
47, 661188, 4
47, 782600, 3
47, 639593, 3
47, 775585, 4
47, 639593, 1
47, 775585, 5
47, 661653, 4
47, 775585, 4
47, 665029, 3
47, 716290, 1
47, 637766, 2
47, 633942, 2
47, 631841, 2
47, 658152, 5
47, 661188, 1
47, 716290, 3
47, 644094, 2
47, 639593, 1
47, 641005, 2
47, 661653, 5
47, 716218, 1
47, 645988, 1
47, 658607, 1
47, 643505, 5
47, 639749, 2
47, 640720, 4
47, 661066, 4
47, 644387, 2
47, 658152, 1
47, 716290, 5
47, 646524, 2
47, 661066, 5
47, 651729, 1
47, 716406, 2
47, 644094, 3
47, 652417, 4
48, 664147, 4
48, 644218, 2
48, 644094, 5
48, 665029, 1
48, 664501, 5
48, 631841, 2
48, 633942, 3
48, 658509, 1
48, 651729, 4
48, 646524, 2
48, 631841, 4
48, 640062, 4
48, 716431, 5
48, 640832, 2
48, 635059, 1
48, 646524, 2
48, 716431, 1
48, 644387, 5
48, 639593, 5
48, 631841, 4
48, 660146, 2
48, 637187, 3
48, 643505, 2
48, 644094, 3
48, 782600, 2
48, 658509, 1
48, 644387, 1
48, 640720, 5
48, 633942, 2
48, 652423, 2
48, 652423, 3
48, 637766, 4
48, 664501, 2
48, 632252, 5
48, 652423, 1
48, 665029, 3
48, 631880, 4
48, 632252, 3
48, 633221, 2
48, 664501, 2
48, 716218, 3
48, 635059, 1
48, 635059, 2
48, 658607, 2
48, 660146, 4
48, 633221, 4
48, 660146, 2
48, 663559, 1
49, 646524, 4
49, 644387, 1
49, 716413, 5
49, 632252, 4
49, 644094, 2
49, 631880, 1
49, 664147, 2
49, 716415, 1
49, 639593, 3
49, 646524, 1
49, 663559, 4
49, 645730, 3
49, 658607, 1
49, 664501, 3
49, 632155, 3
49, 658152, 3
49, 652423, 2
49, 716627, 5
49, 633221, 1
49, 633942, 4
49, 663858, 4
49, 640720, 5
49, 716406, 4
49, 665029, 1
49, 651729, 4
49, 639593, 4
49, 641005, 1
49, 716627, 3
49, 716413, 5
49, 782600, 2
49, 639749, 4
49, 652417, 5
49, 658152, 4
49, 645730, 2
49, 637187, 2
49, 644218, 1
49, 658607, 5
49, 716413, 4
49, 651729, 2
49, 663858, 2
49, 716413, 4
49, 645730, 3
49, 716627, 1
49, 766453, 2
49, 645988, 1
49, 716290, 1
49, 663858, 4
49, 782600, 2
49, 633221, 3
50, 652423, 1
50, 646524, 3
50, 643505, 1
50, 651729, 2
50, 716218, 5
50, 637187, 5
50, 661188, 5
50, 716627, 3
50, 639749, 3
50, 663858, 2
50, 716415, 5
50, 663559, 2
50, 645730, 1
50, 798956, 2
50, 645730, 4
50, 782600, 4
50, 652423, 1
50, 782600, 4
50, 664147, 3
50, 775585, 5
50, 658509, 5
50, 663313, 5
50, 716406, 4
50, 798956, 2
50, 641005, 2
50, 641005, 4
50, 651729, 2
50, 637187, 3
50, 644387, 2
50, 798956, 3
50, 637187, 2
50, 664147, 2
50, 637766, 3
50, 658607, 5
50, 651729, 4
50, 661653, 4
50, 663559, 2
50, 661188, 4
50, 640062, 2
50, 640832, 5
50, 644387, 5
50, 665029, 4
50, 661188, 3
50, 644218, 5
50, 663313, 1
50, 663858, 1
50, 665029, 1
50, 716415, 4
50, 664147, 2
50, 663559, 3
51, 661188, 1
51, 716406, 1
51, 640832, 3
51, 644218, 3
51, 660146, 4
51, 652417, 5
51, 661066, 4
51, 716431, 5
51, 639749, 4
51, 646524, 1
51, 637766, 4
51, 658607, 4
51, 775585, 3
51, 665029, 1
51, 663858, 3
51, 632155, 5
51, 631841, 1
51, 716627, 5
51, 633221, 1
51, 643505, 3
51, 716290, 5
51, 658509, 2
51, 716413, 2
51, 640832, 4
51, 664147, 3
51, 644094, 4
51, 664501, 4
51, 651729, 2
51, 632155, 1
51, 640062, 3
51, 631841, 3
51, 637766, 2
51, 644094, 4
51, 665029, 1
51, 635059, 4
51, 716413, 4
51, 661188, 3
51, 716415, 5
51, 640832, 2
51, 658607, 2
51, 663559, 4
51, 645988, 4
51, 645988, 5
51, 645988, 2
51, 661188, 1
51, 641005, 5
51, 716413, 5
51, 661653, 4
51, 782600, 5
51, 661066, 2
51, 716431, 4
52, 645730, 4
52, 665029, 5
52, 644387, 2
52, 644387, 4
52, 645988, 2
52, 664501, 5
52, 716627, 3
52, 640062, 1
52, 632252, 1
52, 637187, 1
52, 658152, 4
52, 658509, 2
52, 646524, 1
52, 637187, 2
52, 716218, 4
52, 632252, 3
52, 716406, 2
52, 652423, 1
52, 639749, 3
52, 658607, 4
52, 643505, 2
52, 637766, 5
52, 716218, 3
52, 640832, 4
52, 643505, 2
52, 632252, 2
52, 798956, 2
52, 631880, 1
52, 663858, 3
52, 640720, 4
52, 639593, 5
52, 661653, 4
52, 645988, 3
52, 661653, 4
52, 716218, 1
52, 640062, 3
52, 635059, 5
52, 716431, 5
52, 641005, 4
52, 658607, 2
52, 716415, 3
52, 663313, 2
52, 664501, 4
52, 640062, 5
52, 661188, 3
52, 635059, 5
52, 646524, 4
52, 644218, 5
52, 651729, 1
52, 637187, 2
52, 658509, 1
52, 651729, 2
53, 660146, 1
53, 661653, 3
53, 663858, 1
53, 643505, 3
53, 775585, 5
53, 632252, 1
53, 660146, 2
53, 640720, 1
53, 651729, 5
53, 631841, 1
53, 658152, 1
53, 661188, 1
53, 646524, 2
53, 716218, 5
53, 644094, 1
53, 631841, 4
53, 665029, 1
53, 716627, 3
53, 660146, 4
53, 782600, 2
53, 716290, 2
53, 637766, 5
53, 716413, 1
53, 716406, 2
53, 782600, 5
53, 716413, 4
53, 640832, 5
53, 646524, 4
53, 631841, 5
53, 644218, 1
53, 637187, 5
53, 635059, 3
53, 663313, 3
53, 643505, 3
53, 658152, 1
53, 643505, 4
53, 643505, 1
53, 645730, 5
53, 766453, 5
53, 632252, 1
53, 661066, 5
53, 716290, 2
53, 716431, 4
53, 663559, 1
53, 644218, 1
53, 651729, 2
53, 661653, 4
53, 639749, 2
53, 644387, 5
53, 716413, 2
53, 646524, 3
53, 645730, 5
53, 652423, 1
54, 632252, 1
54, 782600, 5
54, 782600, 4
54, 637766, 3
54, 798956, 3
54, 644387, 2
54, 645988, 4
54, 644387, 3
54, 658152, 3
54, 644387, 4
54, 663313, 3
54, 639749, 1
54, 663559, 4
54, 664147, 5
54, 632252, 5
54, 633942, 5
54, 716627, 4
54, 716431, 4
54, 661188, 5
54, 716415, 5
54, 658509, 3
54, 716431, 4
54, 640062, 2
54, 646524, 2
54, 716627, 4
54, 661188, 3
54, 716413, 2
54, 716406, 4
54, 631880, 1
54, 766453, 4
54, 716431, 1
54, 631880, 3
54, 663858, 1
54, 665029, 2
54, 663313, 5
54, 658152, 3
54, 652417, 4
54, 641005, 4
54, 639749, 4
54, 635059, 4
54, 641005, 2
54, 639749, 3
54, 645988, 2
54, 640832, 5
54, 644218, 4
54, 658607, 2
54, 716290, 2
54, 632252, 1
54, 635059, 3
54, 633221, 3
54, 664501, 1
54, 635059, 1
54, 716218, 1
54, 652417, 3
55, 664501, 2
55, 664147, 1
55, 633942, 2
55, 652423, 2
55, 640832, 2
55, 632252, 1
55, 631880, 1
55, 716415, 1
55, 640832, 1
55, 652417, 4
55, 640062, 3
55, 716218, 3
55, 661653, 5
55, 639749, 5
55, 640062, 2
55, 716627, 5
55, 661653, 1
55, 645988, 4
55, 663858, 1
55, 782600, 1
55, 644094, 5
55, 644387, 4
55, 640720, 4
55, 716627, 5
55, 716413, 2
55, 635059, 4
55, 798956, 3
55, 798956, 3
55, 766453, 2
55, 766453, 5
55, 632252, 3
55, 640062, 3
55, 658509, 5
55, 652423, 3
55, 658152, 5
55, 664147, 5
55, 782600, 1
55, 643505, 5
55, 637766, 2
55, 716218, 2
55, 645730, 3
55, 663858, 5
55, 663313, 4
55, 716290, 3
55, 644387, 4
55, 664147, 1
55, 633942, 3
55, 644218, 2
55, 716431, 5
55, 640720, 4
55, 664501, 2
55, 716627, 3
55, 646524, 5
55, 664501, 4
55, 716290, 4
56, 639749, 4
56, 661066, 5
56, 660146, 5
56, 639749, 4
56, 716406, 5
56, 775585, 4
56, 716413, 5
56, 663313, 5
56, 643505, 4
56, 664501, 3
56, 716218, 4
56, 658152, 1
56, 639593, 1
56, 641005, 3
56, 660146, 5
56, 641005, 2
56, 640720, 1
56, 646524, 5
56, 716627, 3
56, 651729, 4
56, 798956, 2
56, 644218, 3
56, 632252, 5
56, 644094, 1
56, 639749, 4
56, 663559, 2
56, 646524, 4
56, 632155, 2
56, 782600, 4
56, 664147, 1
56, 644218, 3
56, 631880, 5
56, 652417, 2
56, 663858, 5
56, 661653, 5
56, 665029, 1
56, 658509, 2
56, 637766, 3
56, 646524, 5
56, 716431, 2
56, 660146, 5
56, 661066, 4
56, 664147, 4
56, 644094, 5
56, 661653, 1
56, 660146, 3
56, 640832, 2
56, 663858, 5
56, 644094, 5
56, 663313, 4
56, 633942, 3
56, 633942, 4
56, 639593, 3
56, 716415, 1
56, 664147, 3
56, 716290, 5
57, 782600, 4
57, 640720, 2
57, 716290, 4
57, 661653, 3
57, 664147, 4
57, 658509, 4
57, 639749, 5
57, 644094, 2
57, 661188, 2
57, 631880, 5
57, 661653, 4
57, 644387, 5
57, 660146, 2
57, 637187, 2
57, 640062, 5
57, 660146, 2
57, 664501, 4
57, 644218, 1
57, 664501, 4
57, 632252, 5
57, 661653, 4
57, 775585, 3
57, 631880, 2
57, 652423, 4
57, 632155, 3
57, 664147, 3
57, 645730, 2
57, 637766, 2
57, 644387, 1
57, 766453, 4
57, 775585, 2
57, 716627, 1
57, 663559, 5
57, 660146, 1
57, 631880, 3
57, 661066, 3
57, 658509, 4
57, 631880, 1
57, 716290, 5
57, 632252, 4
57, 661188, 4
57, 637187, 1
57, 661066, 4
57, 646524, 3
57, 633221, 1
57, 716290, 5
57, 651729, 2
57, 716431, 5
57, 632155, 5
57, 663858, 3
57, 661188, 1
57, 658509, 2
57, 663313, 5
57, 665029, 5
57, 633942, 4
57, 716415, 2
57, 644387, 3
58, 658607, 2
58, 637187, 3
58, 658607, 4
58, 635059, 5
58, 663858, 2
58, 652417, 3
58, 716431, 5
58, 716431, 5
58, 716218, 4
58, 658607, 1
58, 639749, 3
58, 651729, 3
58, 645730, 1
58, 716431, 3
58, 639749, 4
58, 716413, 5
58, 640062, 1
58, 658509, 5
58, 644387, 3
58, 643505, 2
58, 643505, 4
58, 632155, 3
58, 716431, 2
58, 658607, 4
58, 640832, 3
58, 632252, 1
58, 716415, 4
58, 665029, 3
58, 633221, 1
58, 644387, 4
58, 775585, 1
58, 652423, 4
58, 661653, 1
58, 640832, 4
58, 663858, 1
58, 637766, 1
58, 633942, 4
58, 660146, 2
58, 716627, 1
58, 716627, 1
58, 716627, 4
58, 716413, 3
58, 716218, 1
58, 631880, 5
58, 644387, 2
58, 716413, 5
58, 775585, 3
58, 716406, 2
58, 716431, 1
58, 663313, 4
58, 637766, 1
58, 661653, 5
58, 633942, 2
58, 637187, 3
58, 633942, 1
58, 637187, 5
58, 661066, 1
58, 637766, 1
59, 643505, 2
59, 663858, 4
59, 637766, 5
59, 631841, 5
59, 663559, 5
59, 652423, 3
59, 663559, 3
59, 716415, 3
59, 639593, 5
59, 644094, 3
59, 660146, 3
59, 665029, 3
59, 664501, 2
59, 631880, 4
59, 661188, 4
59, 645988, 1
59, 632252, 1
59, 658509, 1
59, 631841, 4
59, 644094, 1
59, 631880, 4
59, 637187, 3
59, 798956, 2
59, 646524, 4
59, 639749, 5
59, 661188, 5
59, 775585, 5
59, 660146, 3
59, 660146, 2
59, 644218, 1
59, 632155, 3
59, 658607, 4
59, 643505, 3
59, 716627, 1
59, 663858, 3
59, 637766, 4
59, 664147, 2
59, 640062, 2
59, 658509, 4
59, 658509, 4
59, 640832, 4
59, 660146, 2
59, 637187, 1
59, 635059, 4
59, 644094, 2
59, 658607, 2
59, 663313, 5
59, 640062, 1
59, 643505, 1
59, 640720, 3
59, 631880, 5
59, 637766, 2
59, 644387, 1
59, 658607, 1
59, 658607, 3
59, 766453, 1
59, 633221, 2
59, 633942, 3
59, 644387, 4
60, 716406, 3
60, 632252, 2
60, 644094, 3
60, 637187, 3
60, 716431, 5
60, 658509, 5
60, 664501, 5
60, 661188, 4
60, 631841, 2
60, 651729, 2
60, 716415, 3
60, 663559, 1
60, 663559, 2
60, 651729, 2
60, 652423, 2
60, 664501, 5
60, 640832, 4
60, 637187, 5
60, 645730, 1
60, 716218, 2
60, 644387, 3
60, 633221, 4
60, 645988, 4
60, 658509, 2
60, 637187, 4
60, 633942, 2
60, 646524, 4
60, 652417, 4
60, 661066, 1
60, 661066, 5
60, 644094, 4
60, 658152, 5
60, 641005, 1
60, 782600, 5
60, 716413, 3
60, 658607, 1
60, 716627, 3
60, 637187, 4
60, 660146, 5
60, 640832, 4
60, 716627, 2
60, 635059, 2
60, 631880, 4
60, 766453, 1
60, 633942, 5
60, 658509, 4
60, 645988, 4
60, 782600, 2
60, 644387, 2
60, 635059, 3
60, 716627, 2
60, 716627, 1
60, 644094, 4
60, 663858, 3
60, 631880, 4
60, 658607, 5
60, 664501, 2
60, 637187, 3
60, 661653, 1
60, 658509, 3
61, 644387, 2
61, 646524, 4
61, 661653, 2
61, 632252, 5
61, 632252, 4
61, 637187, 3
61, 632252, 5
61, 775585, 4
61, 637766, 5
61, 639749, 3
61, 663559, 4
61, 646524, 4
61, 652417, 4
61, 775585, 3
61, 635059, 5
61, 640832, 5
61, 658152, 5
61, 782600, 2
61, 665029, 1
61, 645988, 3
61, 643505, 5
61, 639749, 5
61, 798956, 2
61, 633221, 1
61, 663313, 4
61, 644387, 2
61, 641005, 3
61, 661653, 1
61, 664147, 5
61, 661066, 1
61, 639593, 2
61, 637187, 5
61, 645730, 1
61, 663313, 2
61, 716627, 5
61, 663559, 2
61, 716627, 1
61, 645730, 1
61, 637766, 3
61, 658509, 5
61, 661653, 5
61, 782600, 1
61, 663858, 2
61, 640062, 3
61, 661653, 1
61, 663858, 1
61, 663559, 5
61, 660146, 4
61, 640062, 3
61, 665029, 4
61, 652417, 1
61, 716218, 4
61, 645988, 4
61, 663313, 5
61, 645988, 3
61, 645730, 5
61, 664147, 3
61, 798956, 5
61, 658152, 4
61, 644387, 5
61, 631880, 4
62, 716406, 4
62, 637187, 5
62, 640720, 2
62, 637187, 4
62, 632155, 4
62, 637766, 1
62, 766453, 5
62, 635059, 2
62, 644218, 1
62, 716406, 3
62, 645988, 1
62, 639593, 1
62, 652423, 1
62, 716290, 2
62, 646524, 1
62, 633221, 2
62, 633942, 5
62, 716290, 3
62, 658509, 2
62, 639593, 2
62, 716431, 4
62, 631880, 4
62, 716290, 3
62, 660146, 2
62, 663313, 4
62, 643505, 5
62, 716627, 5
62, 640720, 4
62, 635059, 5
62, 661066, 1
62, 645988, 4
62, 631880, 1
62, 631880, 1
62, 716290, 1
62, 663858, 1
62, 645988, 4
62, 766453, 5
62, 644094, 2
62, 661066, 5
62, 766453, 2
62, 664147, 2
62, 651729, 4
62, 660146, 3
62, 644218, 5
62, 661188, 1
62, 661188, 1
62, 716431, 4
62, 641005, 4
62, 716406, 1
62, 640062, 3
62, 661188, 3
62, 631841, 1
62, 716431, 3
62, 661066, 3
62, 632252, 1
62, 663313, 2
62, 663858, 2
62, 716627, 2
62, 652417, 2
62, 644094, 2
62, 632252, 1
62, 645988, 2
63, 665029, 2
63, 639749, 3
63, 665029, 4
63, 716290, 4
63, 651729, 4
63, 651729, 2
63, 633942, 1
63, 633221, 2
63, 658509, 4
63, 663858, 5
63, 632252, 5
63, 661653, 4
63, 639749, 1
63, 645988, 1
63, 641005, 4
63, 639593, 5
63, 645988, 4
63, 639593, 5
63, 716627, 1
63, 645730, 3
63, 661188, 4
63, 644094, 3
63, 644387, 2
63, 716218, 1
63, 660146, 5
63, 639749, 3
63, 664147, 5
63, 631880, 5
63, 640720, 2
63, 645988, 4
63, 643505, 5
63, 633221, 4
63, 631841, 4
63, 716627, 2
63, 646524, 1
63, 631880, 2
63, 640720, 3
63, 716413, 5
63, 716431, 1
63, 766453, 2
63, 716406, 2
63, 716290, 4
63, 716218, 4
63, 664501, 2
63, 660146, 5
63, 664147, 4
63, 652423, 4
63, 637766, 4
63, 644218, 5
63, 775585, 5
63, 641005, 3
63, 665029, 2
63, 644218, 4
63, 631880, 3
63, 644387, 1
63, 631841, 3
63, 637766, 1
63, 663559, 1
63, 633221, 3
63, 664501, 5
63, 660146, 1
63, 644387, 5
63, 782600, 2
64, 664501, 3
64, 652417, 2
64, 716415, 1
64, 639749, 5
64, 658509, 2
64, 641005, 2
64, 661188, 1
64, 632252, 1
64, 766453, 1
64, 660146, 2
64, 641005, 2
64, 661188, 3
64, 661066, 2
64, 782600, 5
64, 633221, 3
64, 639749, 1
64, 637187, 5
64, 716415, 3
64, 775585, 1
64, 640832, 5
64, 716431, 4
64, 633942, 3
64, 639749, 5
64, 641005, 1
64, 640720, 5
64, 631841, 4
64, 631880, 5
64, 664147, 1
64, 658509, 3
64, 644094, 4
64, 665029, 2
64, 716290, 2
64, 775585, 2
64, 643505, 1
64, 664147, 3
64, 643505, 1
64, 640062, 2
64, 798956, 1
64, 640720, 5
64, 643505, 1
64, 643505, 4
64, 640062, 2
64, 645730, 3
64, 658607, 1
64, 766453, 5
64, 665029, 3
64, 716627, 5
64, 716413, 2
64, 661066, 2
64, 716413, 4
64, 645730, 2
64, 663858, 5
64, 633942, 1
64, 716431, 2
64, 663559, 1
64, 775585, 2
64, 637187, 3
64, 637187, 2
64, 661188, 4
64, 641005, 5
64, 661188, 5
64, 644094, 4
64, 631880, 1
64, 645988, 4
65, 632252, 5
65, 632252, 3
65, 631841, 4
65, 663858, 5
65, 716290, 5
65, 716413, 4
65, 658152, 2
65, 640720, 4
65, 639749, 4
65, 640720, 1
65, 633942, 1
65, 651729, 4
65, 716431, 2
65, 637187, 4
65, 664501, 3
65, 664501, 2
65, 644218, 4
65, 652417, 4
65, 639593, 2
65, 633221, 4
65, 716413, 1
65, 640062, 3
65, 651729, 5
65, 664147, 4
65, 644094, 1
65, 658607, 5
65, 716290, 5
65, 663559, 5
65, 639749, 5
65, 639749, 3
65, 644387, 2
65, 716627, 3
65, 658152, 5
65, 716431, 1
65, 637187, 4
65, 646524, 4
65, 661188, 4
65, 658152, 4
65, 640832, 5
65, 658607, 2
65, 637766, 2
65, 716290, 4
65, 782600, 3
65, 631841, 1
65, 637187, 1
65, 716431, 5
65, 766453, 4
65, 663313, 2
65, 631880, 5
65, 637187, 1
65, 664147, 2
65, 663559, 3
65, 651729, 5
65, 644218, 5
65, 644094, 3
65, 716290, 1
65, 631841, 3
65, 645988, 1
65, 658607, 3
65, 716413, 3
65, 651729, 3
65, 645730, 5
65, 782600, 4
65, 664501, 2
65, 716627, 2
66, 658509, 3
66, 640062, 5
66, 775585, 5
66, 660146, 4
66, 631880, 4
66, 658607, 1
66, 665029, 4
66, 716415, 5
66, 652423, 4
66, 631841, 2
66, 631841, 1
66, 775585, 1
66, 782600, 4
66, 775585, 5
66, 631880, 1
66, 663858, 4
66, 766453, 4
66, 660146, 3
66, 644094, 3
66, 631841, 2
66, 651729, 1
66, 661188, 1
66, 663559, 4
66, 645988, 4
66, 658607, 1
66, 646524, 4
66, 664501, 3
66, 663313, 1
66, 646524, 1
66, 631880, 3
66, 639749, 5
66, 716627, 2
66, 639749, 2
66, 633942, 1
66, 663858, 2
66, 639593, 5
66, 660146, 1
66, 637187, 1
66, 633942, 3
66, 644218, 2
66, 660146, 2
66, 664501, 3
66, 632252, 1
66, 645730, 4
66, 633942, 1
66, 646524, 5
66, 658607, 5
66, 716413, 5
66, 631841, 1
66, 665029, 3
66, 775585, 2
66, 644094, 3
66, 641005, 3
66, 661653, 2
66, 658509, 3
66, 775585, 2
66, 716431, 3
66, 661653, 3
66, 716627, 3
66, 643505, 4
66, 639593, 5
66, 665029, 4
66, 665029, 2
66, 665029, 1
66, 664147, 2
66, 658607, 2
67, 661066, 2
67, 661188, 4
67, 661066, 4
67, 716627, 3
67, 640720, 5
67, 663559, 5
67, 639749, 5
67, 633942, 1
67, 633221, 4
67, 639749, 1
67, 766453, 5
67, 716415, 1
67, 663313, 4
67, 663559, 5
67, 663858, 3
67, 640720, 2
67, 633221, 2
67, 775585, 5
67, 716413, 1
67, 644218, 5
67, 658509, 1
67, 652417, 5
67, 775585, 3
67, 637766, 1
67, 658607, 5
67, 639593, 5
67, 661188, 1
67, 631841, 5
67, 632252, 4
67, 658509, 2
67, 640832, 1
67, 637766, 2
67, 658509, 1
67, 645730, 3
67, 664501, 3
67, 640832, 1
67, 641005, 3
67, 645988, 5
67, 775585, 1
67, 775585, 3
67, 716627, 1
67, 631841, 5
67, 644387, 5
67, 775585, 2
67, 637187, 4
67, 639593, 4
67, 716413, 4
67, 663559, 5
67, 639593, 1
67, 645988, 2
67, 639749, 5
67, 631880, 3
67, 632252, 3
67, 633942, 1
67, 645988, 2
67, 798956, 5
67, 663858, 3
67, 663313, 1
67, 661653, 3
67, 640062, 2
67, 658607, 2
67, 665029, 1
67, 646524, 5
67, 631880, 3
67, 644218, 1
67, 661066, 1
67, 637766, 4
68, 639749, 4
68, 632252, 5
68, 663313, 3
68, 775585, 3
68, 661188, 3
68, 631880, 4
68, 637187, 5
68, 660146, 2
68, 651729, 1
68, 716431, 1
68, 661066, 3
68, 665029, 5
68, 632155, 4
68, 640720, 2
68, 640832, 1
68, 663313, 4
68, 716290, 2
68, 663858, 5
68, 664501, 3
68, 632252, 1
68, 635059, 4
68, 716627, 2
68, 663858, 5
68, 716627, 5
68, 716413, 1
68, 631880, 4
68, 661188, 4
68, 632155, 4
68, 645730, 2
68, 664501, 5
68, 658509, 2
68, 661066, 4
68, 664147, 5
68, 637187, 4
68, 639593, 5
68, 663313, 4
68, 633942, 3
68, 644094, 5
68, 716218, 5
68, 640832, 4
68, 631841, 4
68, 660146, 4
68, 775585, 4
68, 664147, 1
68, 643505, 3
68, 661188, 4
68, 766453, 5
68, 646524, 4
68, 658607, 2
68, 716431, 3
68, 652417, 1
68, 664147, 3
68, 798956, 3
68, 716627, 3
68, 661653, 5
68, 661653, 4
68, 766453, 1
68, 637766, 1
68, 661066, 3
68, 658607, 5
68, 660146, 3
68, 633221, 1
68, 631841, 1
68, 637187, 1
68, 643505, 5
68, 645988, 2
68, 716431, 4
68, 637766, 2
69, 661653, 2
69, 632155, 2
69, 716406, 5
69, 716431, 5
69, 639593, 4
69, 633942, 2
69, 661188, 4
69, 661653, 2
69, 640062, 5
69, 716218, 2
69, 644218, 2
69, 716218, 3
69, 663313, 3
69, 635059, 1
69, 658152, 1
69, 645730, 4
69, 661066, 3
69, 644218, 3
69, 641005, 4
69, 663313, 3
69, 646524, 2
69, 663313, 3
69, 716413, 2
69, 651729, 5
69, 798956, 4
69, 663858, 3
69, 663313, 3
69, 658152, 4
69, 640720, 3
69, 716627, 5
69, 661188, 4
69, 651729, 5
69, 644218, 3
69, 716627, 1
69, 664501, 2
69, 664501, 2
69, 658152, 1
69, 716406, 5
69, 716218, 4
69, 631880, 2
69, 644387, 1
69, 641005, 1
69, 637766, 3
69, 651729, 3
69, 632252, 5
69, 661066, 1
69, 651729, 1
69, 641005, 4
69, 716431, 4
69, 635059, 5
69, 716290, 3
69, 652423, 2
69, 645730, 1
69, 661188, 1
69, 663559, 3
69, 652417, 2
69, 716413, 2
69, 646524, 1
69, 646524, 5
69, 782600, 3
69, 775585, 1
69, 633942, 3
69, 663559, 1
69, 716431, 3
69, 651729, 1
69, 652417, 2
69, 664147, 2
69, 631841, 3
69, 643505, 2
70, 716406, 4
70, 637187, 4
70, 637187, 1
70, 637766, 3
70, 660146, 1
70, 716627, 4
70, 658607, 4
70, 716218, 5
70, 641005, 3
70, 644387, 3
70, 640720, 2
70, 644094, 5
70, 652417, 5
70, 716218, 1
70, 716431, 2
70, 716406, 5
70, 644218, 4
70, 641005, 5
70, 632252, 3
70, 716413, 1
70, 637187, 5
70, 631880, 3
70, 639749, 3
70, 716627, 1
70, 663858, 3
70, 660146, 3
70, 646524, 4
70, 633221, 3
70, 651729, 4
70, 658152, 4
70, 637766, 1
70, 798956, 5
70, 664147, 2
70, 664501, 5
70, 652417, 4
70, 639749, 3
70, 652417, 1
70, 798956, 4
70, 716431, 5
70, 716290, 3
70, 658607, 5
70, 635059, 2
70, 631880, 2
70, 663313, 4
70, 716431, 1
70, 631880, 1
70, 663313, 5
70, 652423, 4
70, 651729, 3
70, 637766, 4
70, 664147, 5
70, 658509, 1
70, 632252, 3
70, 766453, 2
70, 640720, 2
70, 652417, 4
70, 716290, 3
70, 716627, 4
70, 644218, 4
70, 637187, 4
70, 631841, 5
70, 652423, 2
70, 661066, 3
70, 637187, 5
70, 640832, 3
70, 645730, 5
70, 665029, 2
70, 658509, 5
70, 652423, 2
70, 652423, 5
71, 664501, 2
71, 658607, 3
71, 633942, 2
71, 632252, 2
71, 641005, 2
71, 782600, 2
71, 640720, 1
71, 639749, 2
71, 660146, 5
71, 658607, 2
71, 633942, 5
71, 716218, 3
71, 766453, 5
71, 632155, 2
71, 775585, 5
71, 633942, 4
71, 644094, 4
71, 716413, 2
71, 766453, 4
71, 716290, 1
71, 640832, 1
71, 663858, 4
71, 716415, 2
71, 664147, 1
71, 716290, 2
71, 640062, 1
71, 661653, 4
71, 658607, 3
71, 631841, 4
71, 716415, 1
71, 640062, 2
71, 631841, 2
71, 716406, 3
71, 663559, 2
71, 632155, 4
71, 766453, 5
71, 644387, 2
71, 663858, 1
71, 664501, 2
71, 716431, 4
71, 658509, 5
71, 644387, 5
71, 663313, 5
71, 640720, 4
71, 641005, 3
71, 646524, 5
71, 640062, 1
71, 637187, 5
71, 661066, 1
71, 639593, 4
71, 664147, 5
71, 658152, 4
71, 632252, 4
71, 663313, 3
71, 716415, 5
71, 640720, 3
71, 631841, 5
71, 661066, 4
71, 652417, 5
71, 633942, 1
71, 644387, 1
71, 631880, 2
71, 652423, 2
71, 631880, 5
71, 640832, 3
71, 798956, 3
71, 640062, 4
71, 782600, 2
71, 637766, 4
71, 663313, 5
71, 645730, 4
72, 664147, 1
72, 716406, 5
72, 652423, 5
72, 716627, 2
72, 652423, 5
72, 660146, 3
72, 716290, 1
72, 663559, 3
72, 663858, 1
72, 644218, 3
72, 652423, 3
72, 663858, 3
72, 637187, 4
72, 775585, 5
72, 661653, 2
72, 716431, 4
72, 652423, 4
72, 645730, 5
72, 661653, 1
72, 640720, 4
72, 637187, 4
72, 633221, 1
72, 658607, 2
72, 663559, 2
72, 716406, 3
72, 658152, 3
72, 640720, 5
72, 651729, 1
72, 644387, 5
72, 664147, 3
72, 661188, 4
72, 665029, 1
72, 652417, 2
72, 637187, 2
72, 640062, 3
72, 631841, 1
72, 632155, 2
72, 716627, 2
72, 775585, 3
72, 716218, 5
72, 660146, 2
72, 716415, 4
72, 658607, 4
72, 664147, 1
72, 652417, 4
72, 639749, 5
72, 644094, 5
72, 643505, 2
72, 658509, 1
72, 664501, 3
72, 664147, 2
72, 640062, 4
72, 644387, 5
72, 661653, 4
72, 664501, 3
72, 641005, 4
72, 651729, 2
72, 644218, 1
72, 640720, 3
72, 716290, 2
72, 664501, 1
72, 644387, 2
72, 661653, 5
72, 631880, 1
72, 639749, 3
72, 658509, 3
72, 645988, 2
72, 782600, 2
72, 639593, 1
72, 640720, 4
72, 635059, 3
72, 766453, 2
73, 716218, 4
73, 658152, 3
73, 766453, 4
73, 716431, 3
73, 631880, 3
73, 645988, 3
73, 645730, 4
73, 775585, 1
73, 716415, 5
73, 782600, 1
73, 663858, 5
73, 663313, 5
73, 716627, 1
73, 645988, 2
73, 640832, 2
73, 645988, 5
73, 716218, 2
73, 782600, 4
73, 645988, 1
73, 658607, 2
73, 637187, 4
73, 631841, 2
73, 639749, 1
73, 640062, 1
73, 798956, 1
73, 640062, 2
73, 631880, 1
73, 663559, 3
73, 661653, 5
73, 640062, 5
73, 782600, 2
73, 641005, 2
73, 661066, 2
73, 798956, 5
73, 766453, 3
73, 633942, 3
73, 633221, 4
73, 643505, 3
73, 643505, 5
73, 716413, 1
73, 663559, 1
73, 645730, 5
73, 798956, 3
73, 631880, 5
73, 640832, 4
73, 641005, 5
73, 716415, 5
73, 643505, 2
73, 644387, 5
73, 652423, 4
73, 664147, 2
73, 716218, 4
73, 658152, 2
73, 651729, 4
73, 716413, 2
73, 663559, 2
73, 644387, 5
73, 639749, 1
73, 660146, 3
73, 663559, 4
73, 716415, 3
73, 651729, 4
73, 716406, 3
73, 716415, 3
73, 664501, 4
73, 643505, 2
73, 716415, 3
73, 633221, 2
73, 651729, 2
73, 716406, 1
73, 644387, 1
73, 664147, 5
73, 798956, 1
74, 637187, 2
74, 658152, 2
74, 665029, 4
74, 640720, 1
74, 639593, 2
74, 645988, 5
74, 660146, 4
74, 716413, 3
74, 639593, 5
74, 652417, 2
74, 798956, 3
74, 640720, 2
74, 766453, 2
74, 644218, 1
74, 658152, 3
74, 664501, 2
74, 640720, 1
74, 716627, 1
74, 663313, 2
74, 716413, 3
74, 664147, 1
74, 660146, 1
74, 640720, 3
74, 640832, 3
74, 639593, 5
74, 641005, 1
74, 644218, 4
74, 664147, 5
74, 660146, 1
74, 663858, 1
74, 637766, 3
74, 661188, 1
74, 798956, 1
74, 643505, 2
74, 716415, 1
74, 661188, 2
74, 640832, 1
74, 658607, 4
74, 639749, 1
74, 716406, 2
74, 716415, 5
74, 798956, 4
74, 633942, 1
74, 632252, 3
74, 652423, 5
74, 663313, 4
74, 651729, 1
74, 646524, 1
74, 632155, 5
74, 640062, 4
74, 640062, 3
74, 716627, 2
74, 658152, 5
74, 631880, 1
74, 644094, 3
74, 716627, 1
74, 658607, 5
74, 661188, 5
74, 639749, 2
74, 652417, 3
74, 644387, 1
74, 766453, 2
74, 664147, 1
74, 640832, 2
74, 631880, 2
74, 658509, 2
74, 644218, 5
74, 633221, 4
74, 798956, 2
74, 658152, 1
74, 782600, 2
74, 716627, 2
74, 632252, 3
74, 716406, 4
75, 798956, 2
75, 661188, 2
75, 631880, 1
75, 632252, 4
75, 716627, 3
75, 664501, 2
75, 658607, 3
75, 716413, 2
75, 716627, 4
75, 633942, 4
75, 652417, 4
75, 640720, 4
75, 775585, 3
75, 631841, 4
75, 660146, 5
75, 664147, 4
75, 716218, 1
75, 644218, 5
75, 664501, 4
75, 716413, 1
75, 639593, 4
75, 658152, 4
75, 716413, 2
75, 716415, 5
75, 716290, 4
75, 635059, 5
75, 652423, 5
75, 658509, 1
75, 637187, 5
75, 663858, 3
75, 716431, 1
75, 645988, 4
75, 644387, 2
75, 664501, 2
75, 716413, 2
75, 660146, 2
75, 633942, 4
75, 782600, 3
75, 645730, 1
75, 716290, 2
75, 645730, 3
75, 661066, 5
75, 663313, 3
75, 651729, 4
75, 661653, 3
75, 644094, 3
75, 632252, 1
75, 644094, 3
75, 635059, 5
75, 631880, 4
75, 661653, 5
75, 645730, 1
75, 775585, 5
75, 645988, 4
75, 658607, 3
75, 663858, 1
75, 665029, 5
75, 661066, 4
75, 637766, 5
75, 658509, 1
75, 640062, 3
75, 640832, 4
75, 658152, 2
75, 664501, 3
75, 632155, 1
75, 633221, 3
75, 660146, 2
75, 641005, 3
75, 664147, 1
75, 641005, 3
75, 716218, 5
75, 631841, 5
75, 646524, 2
75, 637187, 3
75, 631880, 3
76, 640720, 4
76, 633942, 2
76, 640062, 3
76, 798956, 4
76, 640062, 2
76, 637766, 2
76, 766453, 2
76, 663559, 4
76, 798956, 2
76, 633942, 2
76, 663559, 4
76, 716431, 3
76, 782600, 5
76, 658509, 4
76, 716627, 3
76, 644387, 1
76, 665029, 4
76, 658607, 4
76, 664501, 2
76, 661066, 1
76, 644094, 3
76, 640720, 4
76, 658152, 5
76, 658509, 1
76, 798956, 1
76, 716290, 3
76, 631841, 4
76, 798956, 5
76, 646524, 3
76, 661653, 2
76, 631841, 2
76, 640062, 1
76, 798956, 4
76, 661066, 5
76, 661653, 3
76, 716290, 5
76, 716627, 2
76, 644387, 5
76, 633221, 5
76, 716290, 4
76, 644218, 3
76, 652417, 1
76, 775585, 1
76, 716406, 3
76, 633221, 5
76, 663858, 4
76, 663559, 3
76, 637187, 3
76, 646524, 4
76, 641005, 4
76, 651729, 2
76, 782600, 1
76, 635059, 5
76, 635059, 1
76, 664147, 3
76, 798956, 1
76, 633221, 3
76, 663559, 4
76, 646524, 1
76, 644218, 3
76, 652417, 1
76, 716406, 4
76, 661066, 5
76, 782600, 2
76, 664501, 5
76, 643505, 3
76, 664501, 1
76, 639749, 4
76, 661188, 2
76, 633221, 2
76, 631841, 3
76, 635059, 5
76, 640832, 1
76, 637187, 1
76, 631880, 3
76, 663313, 5
77, 658152, 2
77, 660146, 2
77, 645988, 1
77, 775585, 2
77, 633221, 4
77, 644218, 1
77, 639749, 5
77, 716413, 5
77, 631841, 3
77, 652417, 1
77, 663313, 5
77, 640720, 3
77, 639749, 5
77, 716290, 4
77, 637766, 2
77, 664147, 2
77, 641005, 3
77, 646524, 3
77, 716431, 3
77, 664147, 5
77, 716413, 3
77, 645730, 1
77, 665029, 3
77, 658152, 3
77, 637766, 4
77, 637187, 1
77, 640832, 2
77, 651729, 2
77, 639593, 2
77, 632252, 2
77, 632155, 4
77, 664147, 4
77, 632155, 5
77, 645730, 1
77, 644218, 4
77, 716413, 5
77, 663858, 5
77, 652423, 5
77, 798956, 3
77, 716431, 3
77, 798956, 1
77, 632155, 1
77, 645730, 3
77, 640720, 1
77, 640832, 5
77, 716415, 3
77, 639749, 2
77, 644218, 4
77, 632252, 1
77, 646524, 4
77, 660146, 3
77, 639749, 5
77, 644387, 1
77, 644218, 1
77, 716415, 2
77, 645730, 1
77, 716431, 3
77, 637766, 3
77, 632252, 3
77, 646524, 3
77, 640832, 4
77, 663858, 1
77, 658509, 1
77, 664501, 2
77, 798956, 4
77, 637766, 3
77, 766453, 4
77, 661188, 4
77, 798956, 3
77, 644218, 1
77, 661066, 4
77, 645988, 2
77, 664147, 1
77, 643505, 1
77, 632252, 3
77, 716290, 4
77, 661066, 5
78, 775585, 5
78, 665029, 3
78, 644094, 2
78, 640062, 4
78, 639749, 3
78, 637187, 4
78, 660146, 5
78, 644218, 1
78, 637766, 2
78, 658509, 3
78, 637766, 3
78, 632155, 2
78, 635059, 1
78, 644387, 5
78, 644218, 1
78, 716218, 3
78, 660146, 4
78, 661653, 5
78, 660146, 1
78, 775585, 1
78, 665029, 2
78, 640832, 4
78, 637766, 5
78, 637187, 2
78, 665029, 1
78, 631841, 2
78, 640832, 5
78, 661066, 2
78, 661653, 2
78, 664501, 5
78, 631841, 4
78, 716415, 4
78, 644387, 1
78, 661653, 2
78, 640062, 1
78, 716431, 3
78, 663858, 4
78, 640062, 5
78, 716218, 4
78, 661066, 3
78, 645730, 5
78, 716413, 4
78, 660146, 1
78, 633221, 1
78, 640062, 2
78, 716415, 3
78, 716627, 1
78, 663313, 1
78, 663858, 2
78, 775585, 4
78, 644218, 3
78, 644218, 3
78, 798956, 3
78, 658607, 5
78, 658607, 1
78, 664501, 1
78, 644218, 2
78, 661188, 1
78, 639593, 2
78, 632155, 4
78, 661188, 1
78, 643505, 4
78, 643505, 4
78, 633942, 2
78, 637187, 4
78, 640062, 4
78, 663858, 5
78, 716218, 1
78, 633942, 3
78, 645988, 4
78, 652423, 4
78, 661066, 2
78, 639749, 4
78, 661653, 3
78, 640832, 1
78, 661653, 1
78, 631841, 5
78, 633942, 2
79, 782600, 1
79, 663559, 3
79, 716431, 3
79, 660146, 4
79, 658509, 3
79, 798956, 4
79, 766453, 5
79, 652417, 4
79, 643505, 5
79, 641005, 5
79, 664147, 2
79, 658152, 5
79, 631880, 1
79, 766453, 2
79, 782600, 3
79, 639593, 1
79, 645730, 4
79, 661653, 2
79, 663858, 2
79, 644218, 2
79, 658152, 2
79, 664501, 1
79, 651729, 2
79, 775585, 5
79, 658509, 2
79, 658152, 3
79, 782600, 4
79, 643505, 5
79, 660146, 5
79, 632155, 2
79, 645730, 2
79, 658152, 5
79, 663313, 1
79, 644094, 1
79, 665029, 5
79, 716431, 2
79, 652417, 1
79, 782600, 4
79, 663858, 4
79, 645988, 2
79, 782600, 4
79, 663313, 2
79, 716218, 3
79, 658607, 5
79, 632252, 3
79, 658152, 2
79, 632252, 1
79, 775585, 4
79, 766453, 4
79, 798956, 4
79, 716218, 1
79, 645988, 1
79, 632252, 5
79, 645730, 4
79, 665029, 1
79, 645730, 1
79, 658152, 4
79, 661066, 2
79, 652423, 1
79, 661653, 3
79, 665029, 1
79, 639749, 3
79, 665029, 1
79, 633221, 1
79, 631880, 2
79, 639749, 2
79, 632155, 4
79, 663313, 4
79, 766453, 5
79, 716431, 4
79, 716413, 3
79, 633942, 2
79, 631880, 4
79, 798956, 5
79, 639749, 5
79, 652417, 5
79, 782600, 4
79, 782600, 1
79, 658152, 4
80, 652423, 5
80, 633942, 2
80, 644387, 4
80, 640832, 2
80, 639593, 5
80, 716218, 5
80, 645988, 3
80, 658607, 4
80, 663313, 5
80, 631841, 3
80, 633221, 2
80, 766453, 1
80, 661066, 5
80, 652417, 3
80, 640832, 2
80, 658607, 2
80, 665029, 5
80, 639593, 5
80, 643505, 1
80, 644094, 3
80, 716218, 5
80, 766453, 2
80, 798956, 2
80, 664501, 5
80, 641005, 4
80, 664501, 2
80, 633221, 2
80, 716218, 1
80, 663858, 3
80, 633221, 2
80, 664147, 5
80, 637766, 3
80, 663858, 1
80, 639749, 1
80, 632252, 3
80, 635059, 2
80, 631880, 4
80, 716290, 5
80, 640720, 3
80, 644387, 1
80, 766453, 1
80, 639593, 1
80, 640720, 1
80, 643505, 1
80, 663858, 3
80, 716218, 5
80, 632155, 3
80, 716415, 2
80, 631880, 2
80, 637187, 1
80, 661653, 4
80, 637766, 5
80, 631880, 4
80, 643505, 2
80, 658607, 3
80, 645988, 4
80, 798956, 4
80, 716218, 4
80, 716406, 4
80, 716413, 1
80, 658152, 4
80, 640720, 5
80, 632155, 4
80, 782600, 4
80, 798956, 2
80, 644094, 2
80, 716415, 4
80, 633221, 5
80, 643505, 5
80, 644094, 1
80, 660146, 1
80, 639749, 1
80, 632155, 4
80, 658509, 4
80, 637766, 1
80, 652423, 2
80, 646524, 3
80, 661066, 1
80, 665029, 3
80, 644094, 2
81, 637766, 3
81, 716406, 5
81, 639749, 5
81, 766453, 4
81, 646524, 4
81, 665029, 5
81, 646524, 5
81, 652423, 3
81, 664147, 5
81, 631841, 3
81, 652417, 5
81, 663559, 2
81, 658509, 5
81, 658607, 1
81, 716406, 3
81, 798956, 3
81, 651729, 1
81, 644218, 1
81, 640720, 1
81, 665029, 3
81, 665029, 2
81, 641005, 1
81, 660146, 4
81, 716406, 3
81, 660146, 2
81, 640720, 3
81, 640720, 1
81, 661066, 4
81, 645988, 4
81, 663313, 2
81, 716431, 1
81, 664147, 1
81, 640062, 1
81, 644387, 1
81, 716627, 2
81, 651729, 4
81, 646524, 5
81, 632155, 5
81, 645988, 3
81, 633221, 1
81, 665029, 2
81, 633221, 4
81, 639749, 3
81, 661653, 1
81, 651729, 2
81, 652423, 4
81, 664147, 4
81, 641005, 4
81, 632155, 5
81, 658152, 3
81, 775585, 5
81, 716431, 4
81, 631880, 4
81, 632252, 1
81, 632155, 5
81, 645730, 3
81, 716218, 4
81, 639749, 1
81, 663858, 3
81, 716406, 3
81, 658152, 5
81, 652417, 4
81, 637766, 4
81, 632155, 1
81, 658509, 2
81, 635059, 3
81, 644218, 3
81, 633942, 2
81, 631841, 4
81, 645730, 5
81, 716431, 4
81, 716406, 1
81, 645730, 4
81, 665029, 2
81, 652417, 3
81, 716413, 3
81, 782600, 5
81, 633221, 5
81, 716218, 4
81, 658509, 2
81, 640832, 1
82, 644387, 5
82, 663313, 2
82, 632252, 4
82, 640720, 2
82, 644094, 1
82, 643505, 2
82, 661188, 1
82, 645988, 4
82, 651729, 4
82, 652423, 1
82, 766453, 5
82, 716218, 5
82, 632155, 4
82, 640832, 2
82, 639749, 3
82, 658152, 2
82, 661653, 5
82, 663313, 5
82, 637187, 2
82, 716218, 2
82, 637187, 3
82, 798956, 2
82, 639749, 5
82, 661066, 5
82, 716218, 5
82, 633221, 4
82, 639593, 3
82, 645730, 5
82, 798956, 3
82, 716290, 4
82, 640720, 1
82, 640720, 2
82, 645988, 4
82, 664501, 1
82, 651729, 1
82, 663559, 2
82, 665029, 1
82, 782600, 5
82, 716415, 5
82, 640062, 2
82, 661066, 2
82, 782600, 3
82, 663858, 5
82, 640062, 3
82, 640832, 4
82, 641005, 4
82, 716218, 5
82, 652417, 2
82, 652423, 2
82, 641005, 2
82, 664501, 2
82, 663313, 3
82, 716431, 3
82, 766453, 5
82, 637187, 4
82, 631841, 1
82, 663858, 1
82, 716415, 2
82, 637766, 3
82, 633942, 1
82, 643505, 3
82, 632155, 4
82, 637187, 3
82, 644094, 3
82, 658509, 2
82, 644387, 2
82, 641005, 3
82, 633221, 1
82, 645988, 2
82, 635059, 2
82, 644218, 3
82, 632252, 2
82, 633221, 2
82, 716415, 1
82, 639749, 4
82, 645730, 1
82, 775585, 5
82, 645730, 1
82, 644218, 3
82, 652417, 1
82, 643505, 2
82, 652417, 5
83, 782600, 5
83, 798956, 2
83, 637766, 2
83, 643505, 2
83, 658607, 5
83, 644094, 2
83, 640062, 5
83, 775585, 1
83, 640720, 3
83, 716290, 4
83, 645988, 2
83, 645988, 1
83, 632252, 5
83, 633942, 1
83, 716627, 5
83, 660146, 5
83, 716627, 4
83, 652423, 5
83, 782600, 4
83, 766453, 4
83, 665029, 4
83, 639749, 4
83, 775585, 4
83, 652417, 4
83, 716431, 5
83, 640720, 3
83, 641005, 2
83, 633942, 5
83, 663559, 2
83, 716415, 1
83, 664147, 5
83, 658509, 2
83, 645988, 3
83, 639593, 2
83, 632155, 2
83, 716406, 3
83, 661188, 5
83, 661653, 2
83, 639749, 1
83, 644218, 2
83, 661653, 1
83, 775585, 5
83, 716413, 2
83, 663559, 3
83, 663559, 4
83, 775585, 2
83, 660146, 3
83, 716627, 5
83, 665029, 2
83, 643505, 5
83, 661653, 2
83, 661653, 3
83, 716431, 1
83, 664147, 4
83, 663559, 2
83, 716290, 4
83, 663858, 1
83, 664147, 4
83, 633221, 1
83, 639593, 3
83, 645730, 5
83, 658607, 2
83, 641005, 4
83, 782600, 5
83, 651729, 1
83, 716413, 5
83, 716627, 5
83, 661188, 1
83, 640832, 4
83, 766453, 1
83, 644218, 1
83, 716290, 4
83, 716218, 3
83, 798956, 4
83, 658607, 5
83, 661188, 5
83, 782600, 5
83, 660146, 3
83, 716406, 3
83, 633942, 3
83, 716218, 2
83, 633221, 5
83, 631841, 1
84, 663559, 5
84, 637187, 5
84, 766453, 5
84, 663313, 2
84, 639749, 4
84, 661066, 1
84, 652417, 4
84, 658607, 1
84, 798956, 5
84, 640832, 5
84, 644387, 2
84, 664147, 4
84, 644094, 4
84, 658509, 3
84, 637766, 4
84, 716290, 1
84, 640062, 3
84, 661653, 4
84, 631880, 1
84, 639749, 4
84, 663313, 3
84, 632252, 3
84, 633221, 1
84, 637187, 3
84, 632252, 2
84, 658509, 4
84, 716218, 3
84, 663559, 3
84, 658509, 4
84, 766453, 1
84, 644094, 4
84, 798956, 5
84, 716627, 4
84, 645730, 1
84, 639749, 3
84, 766453, 2
84, 640832, 2
84, 651729, 4
84, 644094, 2
84, 640832, 3
84, 663858, 4
84, 652423, 2
84, 766453, 4
84, 639593, 2
84, 632252, 5
84, 716290, 3
84, 652423, 1
84, 633942, 2
84, 644094, 2
84, 651729, 2
84, 716627, 1
84, 664501, 2
84, 651729, 4
84, 663559, 4
84, 716413, 2
84, 652417, 5
84, 660146, 1
84, 651729, 2
84, 782600, 4
84, 782600, 3
84, 716413, 1
84, 633942, 5
84, 632252, 5
84, 632252, 3
84, 665029, 5
84, 632252, 1
84, 716627, 1
84, 661653, 1
84, 644387, 3
84, 663313, 2
84, 798956, 3
84, 798956, 2
84, 640720, 4
84, 716413, 1
84, 640062, 3
84, 640832, 3
84, 632155, 1
84, 651729, 2
84, 641005, 1
84, 716431, 4
84, 639593, 3
84, 661188, 1
84, 652417, 2
84, 645988, 2
85, 639593, 1
85, 633942, 4
85, 658152, 2
85, 716413, 5
85, 658607, 2
85, 631841, 5
85, 637187, 4
85, 644218, 2
85, 664501, 2
85, 663559, 5
85, 644387, 4
85, 633942, 3
85, 631841, 2
85, 661188, 3
85, 632155, 2
85, 658607, 1
85, 640062, 4
85, 664147, 5
85, 635059, 2
85, 635059, 3
85, 658509, 4
85, 652417, 1
85, 664501, 3
85, 644218, 4
85, 661066, 4
85, 716218, 5
85, 641005, 4
85, 775585, 4
85, 658607, 4
85, 716415, 3
85, 665029, 2
85, 658607, 1
85, 651729, 4
85, 766453, 4
85, 658509, 5
85, 651729, 1
85, 631841, 1
85, 716218, 5
85, 716413, 2
85, 641005, 1
85, 664501, 2
85, 663858, 1
85, 663559, 4
85, 766453, 1
85, 716406, 2
85, 631841, 2
85, 643505, 4
85, 635059, 4
85, 645988, 4
85, 782600, 4
85, 775585, 1
85, 631880, 1
85, 716627, 2
85, 663858, 1
85, 640720, 3
85, 643505, 4
85, 716218, 4
85, 716406, 2
85, 658607, 1
85, 775585, 3
85, 658152, 1
85, 646524, 5
85, 640720, 3
85, 663559, 5
85, 633221, 2
85, 644218, 3
85, 631841, 1
85, 766453, 2
85, 633942, 4
85, 658607, 1
85, 658607, 3
85, 643505, 4
85, 632155, 1
85, 639593, 1
85, 798956, 1
85, 633942, 1
85, 644218, 5
85, 663858, 1
85, 658509, 4
85, 639593, 4
85, 644387, 2
85, 631880, 1
85, 658152, 1
85, 646524, 4
85, 640832, 5
86, 716406, 5
86, 766453, 4
86, 652423, 1
86, 716431, 2
86, 664147, 2
86, 798956, 4
86, 652417, 5
86, 652423, 1
86, 645988, 2
86, 716290, 3
86, 766453, 1
86, 663559, 5
86, 775585, 2
86, 716218, 1
86, 641005, 2
86, 663858, 3
86, 663858, 4
86, 637187, 2
86, 637766, 3
86, 633942, 5
86, 633942, 4
86, 645730, 5
86, 716431, 4
86, 716406, 1
86, 658509, 2
86, 716290, 1
86, 640832, 4
86, 775585, 3
86, 645730, 5
86, 639749, 4
86, 664501, 1
86, 664147, 3
86, 632252, 4
86, 664147, 3
86, 651729, 2
86, 664501, 1
86, 663559, 4
86, 658607, 5
86, 640720, 2
86, 640062, 5
86, 664501, 4
86, 639593, 5
86, 661066, 3
86, 660146, 1
86, 651729, 1
86, 643505, 4
86, 716413, 3
86, 663313, 4
86, 716415, 3
86, 661066, 4
86, 665029, 5
86, 661188, 4
86, 645730, 4
86, 651729, 4
86, 635059, 2
86, 660146, 3
86, 652423, 4
86, 637187, 3
86, 640062, 4
86, 640720, 4
86, 640062, 5
86, 664147, 3
86, 635059, 2
86, 651729, 3
86, 664147, 5
86, 716413, 3
86, 664147, 4
86, 658152, 5
86, 716627, 5
86, 775585, 5
86, 664501, 5
86, 658152, 1
86, 766453, 5
86, 632155, 1
86, 641005, 4
86, 644387, 3
86, 645988, 4
86, 640832, 5
86, 658607, 2
86, 716406, 2
86, 663313, 1
86, 716406, 5
86, 635059, 2
86, 664147, 4
86, 643505, 4
86, 798956, 2
87, 716413, 3
87, 716415, 1
87, 664501, 5
87, 646524, 4
87, 716415, 5
87, 766453, 2
87, 640832, 2
87, 651729, 4
87, 665029, 3
87, 640720, 1
87, 658509, 3
87, 661188, 2
87, 639593, 5
87, 633221, 3
87, 660146, 3
87, 660146, 3
87, 645730, 3
87, 658607, 4
87, 640720, 5
87, 644094, 4
87, 716218, 5
87, 644387, 2
87, 631841, 3
87, 660146, 2
87, 639749, 1
87, 664147, 3
87, 664147, 4
87, 665029, 5
87, 631841, 3
87, 640720, 5
87, 652423, 4
87, 766453, 5
87, 639593, 2
87, 716406, 4
87, 644094, 3
87, 661066, 4
87, 658509, 2
87, 716406, 4
87, 663559, 3
87, 641005, 3
87, 716627, 3
87, 635059, 5
87, 716415, 1
87, 716218, 2
87, 641005, 1
87, 639749, 3
87, 641005, 1
87, 639593, 2
87, 645988, 2
87, 645730, 3
87, 637766, 1
87, 644218, 2
87, 716406, 5
87, 716415, 1
87, 798956, 4
87, 640720, 3
87, 641005, 4
87, 782600, 2
87, 645988, 4
87, 665029, 1
87, 645730, 1
87, 644387, 5
87, 643505, 1
87, 640832, 1
87, 661066, 1
87, 640832, 5
87, 716431, 5
87, 766453, 1
87, 766453, 5
87, 661188, 4
87, 716627, 5
87, 639593, 3
87, 716406, 4
87, 644094, 1
87, 637766, 4
87, 632155, 1
87, 660146, 4
87, 651729, 1
87, 716406, 1
87, 663858, 4
87, 658607, 3
87, 782600, 4
87, 645988, 3
87, 631841, 1
87, 660146, 4
87, 664501, 2
87, 631841, 4
88, 798956, 2
88, 645988, 1
88, 644094, 2
88, 782600, 5
88, 664501, 4
88, 664501, 4
88, 798956, 1
88, 664501, 3
88, 645730, 1
88, 663858, 1
88, 716290, 2
88, 798956, 1
88, 639749, 5
88, 637766, 5
88, 646524, 3
88, 635059, 5
88, 639593, 3
88, 663858, 4
88, 637187, 3
88, 651729, 2
88, 663858, 5
88, 665029, 4
88, 716415, 2
88, 658607, 2
88, 716627, 3
88, 665029, 3
88, 637187, 4
88, 643505, 2
88, 632252, 5
88, 658509, 3
88, 631880, 3
88, 632252, 2
88, 798956, 5
88, 782600, 4
88, 635059, 1
88, 658152, 2
88, 640720, 5
88, 782600, 2
88, 640832, 2
88, 652423, 1
88, 661653, 3
88, 766453, 2
88, 633942, 2
88, 645988, 2
88, 664501, 4
88, 643505, 2
88, 633942, 1
88, 716218, 2
88, 658607, 4
88, 644218, 1
88, 645988, 3
88, 644218, 3
88, 716290, 4
88, 651729, 2
88, 643505, 2
88, 716290, 2
88, 645730, 1
88, 644094, 4
88, 766453, 2
88, 663858, 2
88, 632155, 2
88, 633221, 5
88, 664501, 2
88, 652417, 5
88, 651729, 2
88, 651729, 5
88, 716290, 3
88, 660146, 5
88, 798956, 2
88, 644387, 3
88, 631880, 2
88, 631880, 2
88, 716413, 1
88, 663858, 3
88, 640832, 1
88, 645988, 4
88, 632155, 2
88, 716413, 5
88, 646524, 4
88, 716415, 3
88, 716218, 2
88, 664501, 1
88, 635059, 1
88, 664147, 2
88, 663559, 4
88, 716218, 3
88, 644094, 5
88, 716431, 5
89, 664147, 4
89, 641005, 5
89, 637766, 4
89, 716290, 4
89, 664147, 5
89, 632155, 1
89, 633221, 3
89, 782600, 1
89, 716627, 3
89, 632155, 1
89, 661188, 5
89, 716218, 3
89, 632155, 2
89, 639749, 4
89, 652417, 3
89, 639749, 3
89, 716431, 3
89, 645730, 3
89, 658509, 3
89, 660146, 3
89, 664147, 3
89, 665029, 4
89, 644387, 4
89, 658607, 4
89, 766453, 3
89, 775585, 3
89, 651729, 2
89, 766453, 4
89, 661653, 1
89, 652417, 2
89, 798956, 3
89, 637187, 4
89, 633221, 3
89, 645730, 4
89, 644094, 1
89, 664147, 3
89, 640832, 1
89, 632252, 3
89, 644094, 5
89, 716627, 5
89, 651729, 4
89, 645730, 5
89, 661066, 5
89, 782600, 1
89, 639593, 1
89, 644094, 5
89, 658607, 2
89, 637187, 5
89, 661653, 4
89, 661653, 4
89, 640062, 1
89, 640720, 5
89, 635059, 4
89, 631880, 5
89, 661066, 2
89, 663559, 5
89, 665029, 5
89, 631880, 4
89, 637766, 5
89, 716415, 4
89, 652417, 2
89, 639749, 3
89, 633221, 1
89, 639593, 3
89, 637766, 2
89, 665029, 3
89, 716413, 4
89, 716431, 4
89, 661653, 5
89, 658509, 3
89, 652423, 3
89, 716627, 1
89, 644094, 4
89, 665029, 2
89, 775585, 1
89, 663858, 5
89, 663559, 4
89, 640062, 4
89, 716406, 3
89, 632155, 3
89, 716413, 2
89, 716627, 2
89, 664147, 4
89, 661653, 1
89, 640832, 1
89, 658607, 1
89, 665029, 3
89, 658152, 4
89, 633221, 5
90, 631841, 5
90, 663313, 5
90, 640832, 1
90, 652423, 3
90, 664501, 1
90, 640062, 3
90, 635059, 3
90, 665029, 4
90, 640720, 4
90, 716290, 1
90, 639593, 5
90, 644218, 1
90, 637766, 2
90, 663858, 1
90, 646524, 5
90, 633942, 1
90, 664501, 5
90, 663313, 2
90, 661066, 4
90, 661188, 4
90, 664501, 1
90, 652423, 5
90, 640720, 3
90, 640062, 1
90, 640062, 3
90, 631841, 4
90, 660146, 2
90, 639749, 5
90, 663858, 3
90, 716218, 4
90, 716290, 4
90, 640832, 4
90, 639749, 3
90, 652423, 4
90, 631841, 3
90, 631880, 1
90, 639593, 2
90, 658607, 5
90, 661188, 5
90, 640062, 1
90, 664501, 4
90, 716431, 1
90, 782600, 3
90, 633942, 4
90, 637187, 2
90, 798956, 1
90, 640062, 2
90, 635059, 1
90, 664501, 1
90, 658607, 1
90, 637766, 2
90, 632252, 2
90, 640720, 4
90, 658152, 4
90, 645988, 1
90, 632252, 5
90, 644218, 5
90, 661188, 3
90, 663313, 3
90, 664501, 2
90, 644218, 1
90, 637187, 4
90, 645988, 4
90, 644218, 4
90, 651729, 1
90, 639749, 4
90, 643505, 4
90, 639749, 2
90, 645988, 2
90, 775585, 4
90, 645988, 2
90, 635059, 4
90, 632155, 3
90, 640062, 4
90, 663858, 4
90, 633942, 2
90, 716413, 1
90, 716431, 3
90, 661188, 1
90, 652423, 2
90, 644094, 1
90, 664501, 1
90, 798956, 2
90, 631880, 3
90, 631841, 4
90, 645730, 4
90, 635059, 4
90, 652417, 5
90, 644094, 1
90, 658509, 5
91, 663559, 3
91, 635059, 2
91, 646524, 2
91, 665029, 5
91, 651729, 4
91, 665029, 5
91, 661066, 4
91, 633942, 1
91, 644387, 5
91, 631880, 5
91, 632155, 1
91, 633221, 2
91, 644387, 2
91, 640062, 2
91, 631841, 4
91, 633221, 3
91, 716627, 2
91, 775585, 5
91, 665029, 3
91, 716218, 4
91, 652423, 1
91, 664501, 2
91, 663313, 5
91, 639593, 1
91, 652417, 3
91, 644387, 5
91, 663858, 5
91, 632252, 1
91, 766453, 4
91, 640720, 5
91, 782600, 5
91, 658509, 4
91, 716413, 4
91, 716627, 2
91, 635059, 4
91, 782600, 4
91, 644094, 2
91, 639593, 1
91, 640832, 3
91, 646524, 4
91, 644387, 4
91, 645988, 2
91, 640720, 1
91, 644218, 2
91, 664147, 2
91, 716415, 2
91, 639593, 2
91, 716627, 5
91, 665029, 3
91, 640062, 2
91, 716413, 2
91, 644094, 3
91, 644094, 1
91, 631841, 2
91, 716627, 3
91, 632155, 4
91, 663313, 1
91, 658152, 3
91, 716218, 2
91, 652423, 4
91, 643505, 2
91, 716413, 1
91, 631841, 2
91, 632252, 4
91, 775585, 1
91, 640832, 1
91, 635059, 5
91, 658152, 1
91, 637766, 5
91, 716290, 4
91, 633942, 5
91, 798956, 4
91, 646524, 5
91, 639593, 4
91, 640062, 4
91, 652417, 1
91, 639749, 1
91, 637187, 3
91, 664501, 3
91, 658152, 3
91, 658152, 5
91, 646524, 4
91, 632252, 3
91, 640832, 1
91, 782600, 5
91, 716415, 1
91, 645730, 5
91, 631880, 1
91, 716413, 1
91, 643505, 1
91, 640062, 4
92, 716415, 3
92, 663559, 4
92, 716218, 1
92, 639749, 5
92, 658152, 5
92, 637187, 4
92, 635059, 5
92, 661653, 3
92, 645730, 5
92, 645988, 5
92, 640832, 4
92, 661066, 2
92, 716415, 4
92, 775585, 3
92, 716413, 1
92, 775585, 3
92, 644218, 3
92, 665029, 5
92, 632252, 1
92, 661188, 4
92, 637187, 4
92, 632155, 2
92, 640720, 5
92, 663559, 5
92, 646524, 1
92, 716415, 2
92, 716290, 1
92, 665029, 2
92, 716406, 4
92, 782600, 2
92, 633942, 3
92, 637187, 1
92, 658509, 3
92, 635059, 3
92, 640062, 2
92, 716218, 5
92, 716218, 4
92, 716627, 4
92, 664147, 1
92, 640062, 3
92, 665029, 3
92, 782600, 1
92, 658509, 2
92, 660146, 5
92, 652423, 3
92, 716627, 3
92, 798956, 3
92, 645730, 4
92, 660146, 4
92, 632252, 4
92, 665029, 5
92, 635059, 1
92, 716290, 3
92, 644094, 2
92, 766453, 3
92, 639749, 5
92, 658152, 1
92, 658509, 3
92, 661188, 2
92, 633942, 2
92, 644094, 3
92, 640720, 2
92, 637187, 1
92, 665029, 1
92, 632155, 1
92, 658607, 3
92, 651729, 1
92, 798956, 4
92, 643505, 3
92, 663559, 1
92, 632252, 3
92, 644094, 4
92, 663858, 2
92, 643505, 1
92, 644387, 5
92, 664501, 2
92, 643505, 5
92, 663559, 1
92, 716406, 3
92, 645988, 4
92, 663559, 5
92, 716415, 5
92, 640832, 3
92, 766453, 3
92, 716415, 4
92, 631841, 2
92, 716627, 3
92, 716627, 2
92, 716413, 1
92, 631880, 3
92, 664147, 3
92, 716415, 3
93, 644387, 4
93, 652417, 5
93, 644094, 2
93, 652417, 2
93, 651729, 2
93, 640832, 2
93, 644094, 4
93, 644218, 3
93, 658607, 3
93, 645730, 2
93, 658607, 2
93, 639593, 2
93, 658509, 3
93, 633942, 5
93, 663858, 3
93, 639749, 2
93, 633942, 4
93, 652423, 1
93, 651729, 2
93, 716627, 2
93, 661188, 5
93, 663858, 1
93, 645988, 5
93, 658509, 4
93, 632155, 5
93, 645730, 3
93, 658152, 3
93, 640720, 2
93, 646524, 1
93, 633942, 4
93, 644387, 5
93, 640062, 5
93, 651729, 5
93, 640062, 1
93, 635059, 5
93, 716413, 2
93, 633942, 5
93, 645988, 2
93, 645730, 5
93, 631880, 5
93, 716290, 4
93, 639749, 1
93, 661188, 2
93, 663858, 2
93, 643505, 5
93, 661188, 1
93, 663858, 2
93, 665029, 1
93, 716218, 1
93, 660146, 3
93, 782600, 4
93, 640720, 1
93, 652423, 2
93, 664147, 4
93, 639749, 3
93, 635059, 5
93, 665029, 1
93, 663313, 3
93, 658607, 3
93, 635059, 3
93, 640720, 2
93, 652423, 2
93, 631841, 3
93, 716415, 3
93, 645730, 2
93, 716627, 3
93, 798956, 5
93, 665029, 5
93, 782600, 3
93, 664501, 5
93, 635059, 3
93, 661188, 4
93, 645988, 2
93, 716627, 2
93, 645988, 1
93, 637187, 5
93, 652417, 5
93, 639593, 3
93, 716431, 1
93, 716431, 1
93, 643505, 4
93, 665029, 1
93, 641005, 1
93, 665029, 5
93, 633942, 5
93, 716627, 4
93, 658607, 1
93, 640832, 3
93, 644387, 5
93, 716413, 3
93, 635059, 5
93, 716415, 2
93, 644218, 5
94, 646524, 5
94, 644218, 1
94, 637766, 2
94, 661188, 4
94, 664501, 1
94, 663313, 1
94, 631880, 3
94, 660146, 2
94, 637187, 5
94, 775585, 5
94, 782600, 4
94, 640832, 3
94, 716218, 3
94, 640062, 1
94, 645988, 3
94, 658509, 3
94, 640720, 1
94, 633942, 4
94, 664501, 5
94, 645730, 4
94, 716218, 4
94, 658607, 5
94, 651729, 1
94, 633221, 5
94, 661188, 1
94, 660146, 3
94, 637187, 2
94, 716406, 5
94, 640062, 4
94, 644094, 2
94, 639749, 3
94, 661066, 5
94, 645988, 1
94, 641005, 3
94, 633221, 1
94, 663858, 5
94, 631841, 5
94, 716413, 3
94, 716413, 5
94, 665029, 4
94, 644094, 2
94, 640832, 3
94, 663313, 4
94, 639593, 3
94, 637766, 3
94, 637766, 5
94, 632252, 5
94, 639749, 3
94, 641005, 3
94, 637187, 1
94, 633221, 2
94, 782600, 4
94, 640832, 2
94, 716415, 3
94, 640720, 2
94, 632252, 4
94, 716218, 1
94, 663559, 5
94, 658607, 2
94, 631880, 2
94, 661653, 5
94, 651729, 3
94, 646524, 4
94, 716413, 1
94, 716218, 3
94, 716413, 4
94, 782600, 1
94, 637187, 4
94, 644387, 1
94, 635059, 1
94, 716415, 1
94, 633942, 5
94, 631880, 3
94, 640062, 1
94, 766453, 1
94, 775585, 1
94, 641005, 4
94, 798956, 5
94, 716627, 4
94, 644218, 3
94, 716406, 3
94, 661188, 4
94, 633942, 2
94, 775585, 5
94, 775585, 4
94, 798956, 1
94, 660146, 4
94, 661066, 1
94, 644387, 1
94, 637187, 5
94, 645988, 4
94, 645988, 2
94, 652417, 5
94, 640062, 2
95, 716413, 2
95, 663313, 3
95, 633942, 1
95, 658152, 4
95, 661066, 2
95, 646524, 2
95, 639593, 4
95, 664147, 2
95, 637766, 3
95, 661066, 2
95, 643505, 5
95, 633942, 4
95, 716431, 2
95, 640062, 2
95, 798956, 3
95, 716290, 1
95, 640832, 2
95, 663313, 2
95, 716627, 5
95, 639749, 1
95, 651729, 1
95, 652423, 1
95, 716218, 5
95, 651729, 1
95, 639749, 2
95, 665029, 1
95, 635059, 4
95, 716415, 1
95, 716218, 2
95, 640832, 2
95, 716413, 3
95, 716218, 2
95, 635059, 4
95, 639593, 5
95, 640832, 3
95, 665029, 1
95, 798956, 2
95, 716218, 1
95, 782600, 2
95, 645988, 1
95, 633942, 1
95, 663313, 4
95, 644387, 5
95, 664147, 3
95, 664147, 4
95, 644094, 2
95, 663559, 3
95, 639749, 3
95, 631841, 2
95, 716431, 2
95, 661653, 1
95, 716627, 3
95, 665029, 1
95, 637766, 4
95, 766453, 5
95, 658152, 5
95, 635059, 5
95, 652423, 5
95, 652423, 5
95, 716627, 3
95, 639593, 4
95, 658152, 2
95, 716290, 2
95, 651729, 1
95, 782600, 5
95, 663559, 5
95, 644094, 3
95, 641005, 2
95, 651729, 1
95, 632252, 5
95, 661066, 1
95, 652417, 4
95, 646524, 1
95, 658152, 1
95, 635059, 2
95, 633942, 4
95, 661066, 1
95, 661188, 3
95, 637766, 5
95, 633221, 1
95, 663559, 1
95, 645730, 1
95, 632155, 2
95, 641005, 3
95, 775585, 4
95, 633942, 5
95, 782600, 3
95, 637187, 2
95, 639593, 4
95, 640832, 5
95, 631841, 3
95, 652417, 4
95, 716218, 5
95, 775585, 3
95, 643505, 2
96, 644387, 1
96, 665029, 5
96, 633221, 4
96, 663313, 4
96, 663313, 5
96, 663313, 1
96, 661066, 3
96, 716431, 5
96, 641005, 2
96, 716406, 4
96, 641005, 5
96, 782600, 1
96, 658509, 1
96, 716415, 3
96, 664501, 5
96, 633942, 4
96, 658152, 4
96, 782600, 2
96, 664501, 2
96, 664501, 3
96, 716627, 4
96, 644094, 3
96, 645988, 1
96, 633221, 1
96, 663858, 3
96, 645730, 4
96, 639593, 2
96, 658152, 3
96, 632252, 5
96, 645988, 1
96, 716406, 5
96, 716413, 2
96, 635059, 5
96, 652417, 3
96, 644387, 3
96, 644218, 5
96, 640720, 3
96, 645988, 5
96, 640062, 2
96, 651729, 1
96, 644094, 1
96, 661653, 5
96, 766453, 3
96, 637766, 5
96, 645730, 4
96, 644218, 4
96, 663313, 1
96, 641005, 1
96, 665029, 3
96, 661653, 2
96, 645730, 2
96, 661188, 3
96, 664501, 4
96, 644094, 1
96, 640720, 2
96, 658607, 1
96, 652423, 2
96, 661653, 5
96, 663313, 3
96, 637187, 2
96, 639593, 3
96, 661066, 3
96, 661653, 4
96, 663858, 4
96, 716406, 5
96, 798956, 4
96, 652417, 5
96, 640062, 3
96, 633942, 1
96, 661188, 2
96, 640062, 1
96, 665029, 2
96, 775585, 1
96, 663313, 1
96, 661653, 4
96, 775585, 3
96, 661653, 2
96, 637187, 3
96, 645730, 3
96, 640720, 5
96, 766453, 5
96, 664501, 5
96, 633221, 1
96, 640720, 4
96, 637187, 3
96, 645988, 1
96, 664501, 1
96, 716627, 1
96, 766453, 5
96, 664147, 2
96, 639593, 2
96, 631841, 4
96, 775585, 5
96, 651729, 1
96, 640062, 5
96, 645730, 5
97, 640720, 3
97, 651729, 1
97, 651729, 2
97, 664501, 4
97, 658607, 2
97, 637187, 1
97, 658607, 4
97, 640062, 1
97, 633942, 5
97, 716431, 5
97, 632155, 3
97, 664501, 2
97, 716406, 5
97, 644387, 5
97, 641005, 1
97, 631880, 2
97, 633942, 1
97, 640832, 2
97, 652423, 4
97, 660146, 1
97, 633942, 1
97, 658509, 4
97, 645988, 2
97, 633942, 1
97, 631880, 3
97, 646524, 5
97, 643505, 4
97, 633942, 2
97, 716413, 2
97, 640062, 4
97, 645730, 4
97, 798956, 5
97, 766453, 3
97, 639749, 2
97, 640062, 4
97, 663313, 2
97, 640720, 1
97, 663858, 1
97, 652417, 1
97, 716413, 2
97, 639593, 1
97, 651729, 4
97, 640832, 3
97, 664501, 4
97, 716218, 2
97, 663559, 4
97, 651729, 5
97, 716413, 3
97, 716406, 5
97, 632252, 5
97, 631841, 4
97, 643505, 2
97, 716406, 4
97, 658607, 4
97, 651729, 3
97, 782600, 1
97, 663858, 2
97, 637766, 2
97, 645988, 1
97, 664501, 4
97, 644387, 1
97, 658607, 3
97, 716415, 4
97, 775585, 1
97, 658152, 1
97, 664147, 2
97, 635059, 2
97, 798956, 1
97, 663313, 3
97, 644387, 2
97, 661188, 4
97, 664501, 2
97, 663559, 4
97, 640720, 3
97, 637187, 1
97, 631880, 3
97, 644218, 3
97, 644094, 2
97, 633221, 3
97, 665029, 2
97, 645988, 1
97, 658607, 1
97, 766453, 5
97, 632252, 2
97, 631880, 3
97, 716627, 1
97, 658152, 4
97, 663313, 5
97, 635059, 2
97, 641005, 5
97, 644094, 4
97, 641005, 5
97, 661653, 3
97, 664147, 5
97, 665029, 1
97, 640720, 3
97, 664147, 2
98, 716627, 4
98, 716627, 5
98, 644094, 4
98, 641005, 5
98, 658509, 5
98, 652417, 2
98, 664147, 1
98, 632252, 5
98, 663858, 3
98, 716431, 1
98, 716218, 5
98, 644387, 2
98, 775585, 4
98, 633221, 3
98, 660146, 2
98, 631880, 4
98, 665029, 2
98, 644094, 5
98, 716627, 1
98, 631841, 5
98, 658509, 1
98, 652417, 5
98, 632252, 2
98, 716218, 2
98, 658152, 2
98, 658509, 1
98, 782600, 4
98, 798956, 4
98, 639593, 5
98, 637187, 5
98, 635059, 3
98, 652417, 2
98, 775585, 1
98, 637187, 4
98, 651729, 1
98, 644387, 3
98, 635059, 1
98, 651729, 1
98, 633942, 3
98, 716218, 5
98, 658607, 1
98, 664501, 5
98, 665029, 1
98, 660146, 1
98, 640832, 3
98, 639593, 2
98, 643505, 1
98, 661066, 3
98, 633942, 4
98, 665029, 5
98, 644218, 3
98, 633942, 3
98, 775585, 4
98, 798956, 2
98, 644218, 4
98, 635059, 3
98, 632155, 4
98, 782600, 1
98, 661066, 3
98, 633942, 5
98, 716290, 1
98, 663858, 3
98, 658509, 5
98, 644387, 4
98, 663559, 5
98, 631880, 4
98, 645730, 5
98, 658607, 2
98, 632252, 5
98, 716415, 5
98, 639593, 4
98, 651729, 5
98, 633221, 3
98, 645988, 3
98, 782600, 4
98, 639593, 5
98, 658509, 1
98, 660146, 1
98, 660146, 2
98, 639749, 5
98, 664501, 1
98, 658607, 4
98, 631880, 2
98, 644094, 2
98, 716413, 1
98, 640062, 4
98, 646524, 4
98, 643505, 4
98, 640832, 4
98, 665029, 1
98, 633221, 4
98, 635059, 1
98, 631841, 3
98, 658509, 3
98, 658509, 2
98, 716290, 2
98, 651729, 2
98, 633942, 1
99, 652417, 3
99, 665029, 3
99, 716431, 5
99, 658607, 4
99, 652417, 1
99, 658152, 5
99, 766453, 3
99, 663858, 1
99, 658607, 1
99, 775585, 4
99, 633942, 3
99, 775585, 3
99, 640720, 5
99, 716431, 5
99, 658607, 1
99, 645730, 4
99, 640720, 3
99, 652417, 3
99, 716627, 4
99, 663313, 5
99, 644218, 2
99, 661188, 4
99, 640062, 3
99, 664501, 3
99, 646524, 1
99, 646524, 1
99, 660146, 1
99, 651729, 5
99, 633221, 5
99, 644094, 4
99, 716413, 5
99, 775585, 2
99, 766453, 1
99, 643505, 1
99, 646524, 4
99, 639593, 2
99, 658152, 4
99, 637187, 1
99, 631880, 2
99, 652423, 5
99, 664501, 3
99, 645988, 4
99, 652417, 4
99, 716218, 1
99, 637766, 2
99, 631880, 4
99, 665029, 1
99, 644094, 3
99, 775585, 4
99, 644094, 1
99, 716413, 2
99, 644094, 5
99, 632252, 1
99, 716415, 1
99, 658607, 3
99, 635059, 5
99, 645988, 5
99, 635059, 3
99, 631841, 2
99, 631841, 3
99, 766453, 5
99, 640062, 5
99, 632155, 3
99, 663313, 1
99, 637766, 2
99, 632252, 4
99, 716406, 5
99, 645988, 2
99, 664501, 1
99, 716431, 1
99, 637766, 2
99, 716406, 4
99, 640720, 3
99, 660146, 3
99, 665029, 2
99, 766453, 5
99, 652417, 4
99, 632252, 1
99, 652417, 5
99, 646524, 1
99, 632155, 4
99, 766453, 3
99, 645730, 4
99, 635059, 3
99, 644218, 2
99, 643505, 2
99, 664147, 5
99, 716218, 1
99, 716406, 3
99, 644094, 1
99, 664501, 3
99, 644387, 3
99, 775585, 3
99, 664147, 2
99, 637187, 2
99, 663858, 4
99, 664501, 2
99, 637766, 1
99, 640832, 2
