1, 716218, 1
2, 649931, 3
2, 658509, 3
3, 716218, 1
3, 1098387, 5
3, 633221, 5
4, 661188, 2
4, 637440, 5
4, 641958, 3
4, 795431, 1
5, 792705, 1
5, 782601, 5
5, 661188, 4
5, 782585, 5
5, 660322, 1
6, 795431, 2
6, 716413, 5
6, 635059, 4
6, 1098357, 4
6, 637766, 3
6, 642660, 3
7, 637766, 4
7, 660322, 5
7, 649931, 2
7, 664501, 1
7, 665016, 1
7, 658152, 4
7, 775585, 3
8, 660146, 1
8, 647830, 3
8, 664147, 5
8, 645988, 3
8, 716413, 4
8, 716415, 5
8, 660146, 1
8, 715540, 5
9, 661188, 2
9, 637766, 2
9, 635059, 1
9, 795431, 2
9, 716218, 3
9, 665016, 4
9, 664147, 5
9, 1098387, 5
9, 795431, 4
10, 646738, 5
10, 716218, 1
10, 637187, 2
10, 798400, 2
10, 633221, 3
10, 1098357, 4
10, 641958, 5
10, 660146, 4
10, 652332, 1
10, 715540, 4
11, 798956, 4
11, 649931, 3
11, 660322, 4
11, 1098357, 2
11, 782585, 1
11, 716627, 4
11, 716406, 1
11, 795431, 4
11, 635059, 5
11, 633160, 4
11, 795431, 5
12, 782601, 4
12, 661188, 1
12, 658152, 3
12, 1098387, 2
12, 649931, 1
12, 647830, 5
12, 716431, 5
12, 635058, 1
12, 663150, 4
12, 715540, 5
12, 716415, 4
12, 652332, 2
13, 798400, 2
13, 633221, 3
13, 643505, 3
13, 716413, 5
13, 782601, 1
13, 716431, 3
13, 798400, 4
13, 664501, 1
13, 716218, 2
13, 642660, 4
13, 649931, 2
13, 782601, 4
13, 637187, 3
14, 658152, 3
14, 664501, 2
14, 795431, 4
14, 660146, 3
14, 664501, 1
14, 1098387, 4
14, 661188, 5
14, 665029, 2
14, 658655, 4
14, 637440, 3
14, 645730, 1
14, 1098357, 3
14, 632155, 5
14, 664147, 2
15, 641958, 1
15, 635058, 1
15, 632155, 2
15, 1098387, 3
15, 637766, 1
15, 792705, 4
15, 660146, 5
15, 635058, 5
15, 798956, 4
15, 663313, 5
15, 665029, 4
15, 634992, 1
15, 652332, 3
15, 660146, 2
15, 660231, 2
16, 649931, 3
16, 660231, 1
16, 660322, 5
16, 782601, 2
16, 766453, 4
16, 766453, 3
16, 1098357, 3
16, 637440, 3
16, 775585, 5
16, 658152, 5
16, 1098387, 3
16, 1098387, 5
16, 658655, 1
16, 716218, 1
16, 716431, 4
16, 637187, 2
17, 792705, 4
17, 658655, 1
17, 798956, 3
17, 637440, 5
17, 716406, 5
17, 766453, 2
17, 716413, 2
17, 635058, 4
17, 792705, 2
17, 766453, 4
17, 782585, 2
17, 642660, 1
17, 798956, 1
17, 645988, 1
17, 1098357, 3
17, 637187, 4
17, 665029, 2
18, 665016, 3
18, 792705, 3
18, 716413, 2
18, 1098357, 2
18, 665029, 4
18, 798956, 4
18, 641958, 1
18, 649931, 4
18, 637440, 2
18, 663313, 1
18, 647830, 1
18, 663313, 3
18, 663313, 5
18, 645730, 4
18, 635059, 1
18, 716406, 5
18, 715540, 5
18, 660322, 1
19, 716413, 5
19, 782585, 5
19, 634992, 5
19, 634992, 1
19, 716413, 3
19, 658655, 4
19, 766453, 1
19, 795431, 5
19, 637766, 1
19, 716627, 5
19, 634992, 4
19, 782585, 4
19, 637187, 5
19, 716431, 4
19, 637766, 2
19, 716431, 5
19, 649931, 5
19, 658509, 4
19, 633160, 4
20, 641958, 3
20, 798400, 1
20, 792705, 5
20, 652332, 4
20, 633221, 5
20, 647830, 3
20, 637766, 2
20, 663313, 2
20, 716415, 3
20, 664147, 2
20, 641958, 5
20, 716218, 1
20, 660231, 1
20, 660322, 4
20, 645730, 4
20, 664473, 4
20, 633160, 5
20, 1098357, 4
20, 716406, 1
20, 775585, 3
21, 660231, 4
21, 716413, 5
21, 715540, 3
21, 716627, 1
21, 716431, 1
21, 661188, 2
21, 798400, 3
21, 647830, 1
21, 1098357, 5
21, 660231, 2
21, 658509, 2
21, 716627, 5
21, 637440, 5
21, 632155, 5
21, 660322, 4
21, 647830, 4
21, 643505, 4
21, 633221, 3
21, 716218, 3
21, 646738, 1
21, 658152, 1
22, 716413, 3
22, 716431, 5
22, 792705, 4
22, 798956, 2
22, 643505, 1
22, 782585, 4
22, 663150, 2
22, 795431, 1
22, 660322, 5
22, 665016, 3
22, 660231, 3
22, 766453, 3
22, 637766, 1
22, 664501, 2
22, 637187, 1
22, 792705, 3
22, 635059, 1
22, 715540, 3
22, 652332, 3
22, 1098387, 4
22, 658152, 3
22, 716413, 1
23, 798400, 3
23, 782585, 1
23, 792705, 4
23, 635058, 5
23, 775585, 1
23, 775585, 1
23, 649931, 5
23, 643505, 4
23, 635059, 2
23, 635058, 4
23, 664147, 2
23, 647830, 4
23, 766453, 4
23, 633221, 2
23, 646738, 2
23, 635058, 1
23, 660146, 2
23, 782585, 2
23, 635059, 4
23, 634992, 2
23, 645730, 5
23, 1098357, 4
23, 665029, 4
24, 798400, 1
24, 664473, 1
24, 641958, 4
24, 645730, 3
24, 715540, 1
24, 798956, 2
24, 633221, 4
24, 635059, 3
24, 645988, 2
24, 1098357, 1
24, 782601, 1
24, 642660, 4
24, 652332, 4
24, 633160, 5
24, 664473, 1
24, 643505, 4
24, 664473, 2
24, 663313, 2
24, 716218, 1
24, 647830, 4
24, 637766, 3
24, 665029, 3
24, 664147, 4
24, 632155, 1
25, 641958, 4
25, 658152, 5
25, 664147, 5
25, 645730, 4
25, 634992, 5
25, 660322, 5
25, 775585, 1
25, 637766, 3
25, 716413, 4
25, 766453, 2
25, 641958, 4
25, 646738, 2
25, 795431, 1
25, 716415, 4
25, 658655, 2
25, 649931, 1
25, 637187, 5
25, 782601, 2
25, 637766, 3
25, 635059, 2
25, 795431, 2
25, 795431, 5
25, 798956, 1
25, 639749, 5
25, 658509, 1
26, 716218, 5
26, 795431, 1
26, 658509, 3
26, 1098357, 4
26, 647830, 3
26, 782601, 2
26, 716415, 5
26, 665029, 3
26, 652332, 5
26, 645988, 1
26, 637440, 4
26, 795431, 3
26, 634992, 4
26, 633221, 3
26, 716627, 2
26, 649931, 1
26, 1098387, 5
26, 633221, 4
26, 647830, 1
26, 646738, 4
26, 637766, 1
26, 766453, 5
26, 645730, 1
26, 637766, 3
26, 645730, 2
26, 663150, 5
27, 660146, 2
27, 633221, 2
27, 775585, 1
27, 663150, 2
27, 664473, 5
27, 766453, 4
27, 660146, 3
27, 633160, 1
27, 775585, 5
27, 647830, 4
27, 646738, 3
27, 660322, 2
27, 782601, 5
27, 645988, 5
27, 792705, 3
27, 645988, 5
27, 766453, 1
27, 632155, 5
27, 1098357, 1
27, 661188, 1
27, 782585, 3
27, 1098357, 4
27, 664473, 5
27, 798956, 1
27, 635059, 1
27, 664501, 4
27, 775585, 1
28, 663313, 5
28, 637766, 2
28, 660231, 2
28, 716415, 4
28, 658152, 4
28, 716415, 1
28, 632155, 2
28, 658152, 5
28, 641958, 5
28, 647830, 5
28, 637440, 1
28, 664501, 1
28, 645988, 5
28, 646738, 5
28, 637766, 5
28, 647830, 5
28, 632155, 3
28, 766453, 4
28, 1098357, 3
28, 664501, 5
28, 660146, 1
28, 661188, 4
28, 665029, 2
28, 766453, 4
28, 639749, 4
28, 641958, 5
28, 642660, 3
28, 641958, 5
29, 660146, 4
29, 635058, 4
29, 647830, 2
29, 646738, 1
29, 1098387, 3
29, 646738, 5
29, 1098357, 1
29, 716218, 4
29, 660146, 1
29, 634992, 1
29, 660231, 4
29, 647830, 3
29, 660322, 5
29, 716218, 5
29, 716413, 1
29, 637766, 5
29, 664147, 3
29, 664147, 4
29, 663150, 4
29, 634992, 1
29, 660231, 4
29, 641958, 5
29, 665016, 1
29, 637766, 3
29, 716406, 3
29, 1098357, 3
29, 658152, 4
29, 716218, 5
29, 632155, 4
30, 641958, 4
30, 665016, 2
30, 782585, 1
30, 660322, 4
30, 639749, 1
30, 1098387, 1
30, 658509, 5
30, 658152, 4
30, 792705, 4
30, 663150, 4
30, 647830, 4
30, 1098357, 4
30, 652332, 5
30, 632155, 1
30, 660146, 1
30, 664501, 4
30, 664501, 5
30, 660231, 2
30, 798956, 2
30, 660231, 5
30, 792705, 2
30, 660146, 3
30, 660231, 4
30, 795431, 1
30, 716406, 1
30, 663313, 4
30, 782585, 5
30, 641958, 4
30, 782601, 3
30, 642660, 2
31, 716627, 4
31, 665016, 1
31, 658152, 2
31, 664147, 4
31, 716413, 2
31, 632155, 5
31, 766453, 5
31, 664147, 4
31, 665016, 2
31, 715540, 3
31, 716431, 2
31, 645730, 4
31, 660322, 1
31, 633221, 4
31, 635059, 3
31, 716218, 1
31, 792705, 2
31, 665029, 2
31, 646738, 3
31, 635058, 5
31, 663313, 3
31, 665029, 5
31, 661188, 2
31, 665016, 5
31, 645730, 3
31, 634992, 3
31, 646738, 1
31, 646738, 2
31, 715540, 1
31, 716413, 4
31, 645730, 2
32, 632155, 2
32, 645730, 4
32, 652332, 3
32, 649931, 4
32, 782601, 4
32, 716406, 5
32, 642660, 3
32, 652332, 1
32, 646738, 3
32, 633221, 2
32, 795431, 1
32, 658152, 5
32, 646738, 4
32, 775585, 2
32, 782601, 2
32, 641958, 5
32, 637766, 2
32, 716406, 3
32, 649931, 3
32, 664501, 5
32, 633221, 3
32, 634992, 4
32, 633221, 1
32, 639749, 1
32, 663150, 1
32, 637187, 3
32, 792705, 2
32, 645730, 1
32, 641958, 4
32, 661188, 5
32, 652332, 2
32, 782585, 2
33, 660322, 1
33, 641958, 4
33, 782585, 2
33, 633221, 3
33, 635058, 5
33, 660146, 2
33, 663150, 2
33, 716218, 3
33, 775585, 5
33, 664501, 2
33, 798400, 5
33, 716431, 4
33, 647830, 4
33, 792705, 2
33, 716431, 2
33, 715540, 3
33, 716413, 5
33, 660322, 4
33, 716415, 1
33, 643505, 5
33, 645988, 4
33, 660146, 5
33, 634992, 5
33, 665029, 5
33, 642660, 1
33, 634992, 3
33, 660231, 4
33, 798400, 5
33, 792705, 2
33, 643505, 1
33, 661188, 2
33, 775585, 4
33, 635058, 1
34, 798956, 1
34, 646738, 2
34, 649931, 5
34, 1098357, 3
34, 660231, 2
34, 1098387, 5
34, 637187, 3
34, 664501, 2
34, 646738, 3
34, 715540, 4
34, 643505, 5
34, 658509, 2
34, 658655, 2
34, 635059, 1
34, 647830, 4
34, 635059, 3
34, 664473, 5
34, 775585, 2
34, 663150, 5
34, 663313, 1
34, 635059, 1
34, 1098387, 2
34, 633221, 1
34, 637440, 2
34, 716627, 2
34, 643505, 4
34, 665016, 4
34, 647830, 3
34, 715540, 1
34, 637187, 2
34, 716627, 2
34, 663313, 4
34, 664473, 3
34, 658152, 5
35, 641958, 4
35, 633221, 4
35, 652332, 5
35, 658152, 2
35, 798956, 2
35, 647830, 5
35, 664147, 2
35, 782601, 4
35, 660231, 4
35, 715540, 4
35, 632155, 2
35, 782585, 5
35, 798400, 1
35, 798956, 1
35, 635058, 1
35, 643505, 4
35, 635059, 2
35, 647830, 4
35, 639749, 1
35, 663150, 5
35, 639749, 4
35, 665016, 1
35, 663313, 4
35, 665029, 5
35, 664501, 2
35, 716218, 3
35, 775585, 2
35, 798400, 5
35, 652332, 3
35, 635058, 2
35, 663150, 1
35, 645988, 1
35, 716413, 1
35, 664501, 1
35, 716627, 4
36, 716415, 3
36, 792705, 5
36, 658655, 3
36, 633221, 2
36, 775585, 1
36, 658655, 1
36, 647830, 4
36, 1098387, 3
36, 1098357, 1
36, 1098387, 4
36, 1098357, 2
36, 782601, 1
36, 664147, 1
36, 663150, 2
36, 643505, 1
36, 798400, 2
36, 716415, 4
36, 643505, 4
36, 798400, 4
36, 665016, 1
36, 716218, 5
36, 1098357, 2
36, 715540, 4
36, 643505, 4
36, 782601, 4
36, 663313, 1
36, 716406, 5
36, 658655, 5
36, 660322, 2
36, 661188, 4
36, 658152, 2
36, 665016, 4
36, 658509, 5
36, 715540, 5
36, 658509, 3
36, 645730, 1
37, 664473, 1
37, 782585, 3
37, 716431, 2
37, 635058, 4
37, 775585, 2
37, 660146, 1
37, 645988, 2
37, 645730, 3
37, 716406, 2
37, 635059, 5
37, 658509, 4
37, 775585, 1
37, 792705, 1
37, 664501, 5
37, 782585, 3
37, 639749, 3
37, 642660, 4
37, 660231, 4
37, 645988, 5
37, 715540, 1
37, 641958, 1
37, 632155, 4
37, 658152, 2
37, 660231, 4
37, 643505, 5
37, 658152, 1
37, 665029, 2
37, 716406, 2
37, 775585, 3
37, 663313, 5
37, 716218, 1
37, 637766, 2
37, 639749, 3
37, 658152, 2
37, 637766, 2
37, 637187, 1
37, 643505, 3
38, 715540, 4
38, 716431, 2
38, 664147, 4
38, 665029, 3
38, 716406, 5
38, 664473, 3
38, 716413, 5
38, 661188, 2
38, 663150, 1
38, 660231, 4
38, 649931, 3
38, 792705, 4
38, 646738, 4
38, 660146, 5
38, 658509, 4
38, 664501, 2
38, 1098357, 4
38, 642660, 4
38, 661188, 4
38, 782601, 2
38, 649931, 1
38, 665016, 4
38, 645730, 4
38, 637187, 3
38, 652332, 4
38, 660146, 1
38, 782585, 4
38, 645730, 5
38, 632155, 4
38, 660146, 2
38, 637440, 3
38, 645988, 1
38, 664473, 5
38, 633221, 5
38, 649931, 4
38, 795431, 2
38, 658152, 2
38, 716413, 1
39, 658509, 5
39, 635059, 3
39, 795431, 5
39, 642660, 1
39, 665029, 4
39, 634992, 2
39, 637440, 2
39, 635059, 4
39, 782585, 2
39, 716413, 2
39, 716431, 5
39, 634992, 2
39, 715540, 3
39, 798956, 2
39, 792705, 5
39, 716627, 3
39, 645988, 3
39, 663150, 3
39, 798956, 1
39, 661188, 4
39, 716431, 2
39, 658152, 2
39, 716413, 1
39, 782585, 4
39, 660322, 5
39, 637187, 1
39, 652332, 1
39, 658152, 2
39, 663150, 3
39, 645730, 1
39, 1098387, 5
39, 798400, 4
39, 641958, 2
39, 716406, 1
39, 637187, 5
39, 1098387, 1
39, 798400, 4
39, 715540, 4
39, 663313, 2
40, 792705, 4
40, 716413, 4
40, 633160, 4
40, 665016, 2
40, 647830, 3
40, 665029, 4
40, 715540, 3
40, 665016, 3
40, 665016, 5
40, 1098387, 3
40, 798400, 4
40, 798956, 2
40, 647830, 4
40, 635059, 1
40, 642660, 2
40, 649931, 4
40, 645730, 1
40, 766453, 2
40, 658152, 1
40, 642660, 3
40, 664501, 2
40, 660231, 3
40, 1098357, 2
40, 716431, 5
40, 643505, 2
40, 647830, 1
40, 1098387, 4
40, 782585, 4
40, 633160, 5
40, 792705, 2
40, 647830, 1
40, 643505, 2
40, 634992, 4
40, 715540, 5
40, 643505, 3
40, 639749, 2
40, 660146, 3
40, 716415, 3
40, 643505, 5
40, 766453, 4
41, 634992, 3
41, 661188, 4
41, 646738, 4
41, 663150, 3
41, 637440, 4
41, 661188, 2
41, 633221, 3
41, 1098357, 2
41, 798956, 2
41, 637766, 2
41, 632155, 4
41, 715540, 2
41, 639749, 5
41, 715540, 4
41, 716431, 4
41, 782601, 5
41, 716218, 2
41, 652332, 2
41, 716218, 2
41, 637187, 1
41, 716406, 3
41, 645730, 1
41, 664501, 2
41, 798400, 2
41, 658152, 2
41, 633160, 4
41, 635059, 3
41, 715540, 2
41, 798400, 4
41, 798956, 4
41, 661188, 5
41, 637766, 5
41, 716413, 3
41, 633221, 5
41, 646738, 5
41, 641958, 2
41, 645988, 1
41, 639749, 2
41, 792705, 2
41, 633221, 3
41, 658509, 5
42, 664501, 4
42, 716218, 4
42, 661188, 2
42, 660322, 5
42, 660146, 2
42, 663313, 4
42, 649931, 3
42, 632155, 2
42, 646738, 5
42, 663150, 5
42, 658655, 5
42, 715540, 1
42, 633221, 1
42, 663150, 3
42, 645988, 4
42, 716406, 2
42, 634992, 4
42, 664147, 3
42, 716218, 1
42, 645730, 3
42, 642660, 2
42, 716431, 5
42, 643505, 5
42, 632155, 4
42, 795431, 5
42, 660322, 5
42, 646738, 4
42, 633160, 3
42, 664473, 3
42, 782585, 3
42, 647830, 3
42, 642660, 5
42, 635059, 4
42, 660146, 3
42, 716415, 1
42, 633221, 4
42, 658509, 1
42, 646738, 2
42, 637187, 5
42, 792705, 2
42, 658152, 3
42, 782601, 2
43, 663313, 1
43, 665029, 4
43, 633221, 4
43, 660146, 3
43, 661188, 2
43, 633160, 2
43, 1098387, 1
43, 660146, 3
43, 652332, 1
43, 637440, 3
43, 633221, 3
43, 632155, 5
43, 663150, 5
43, 715540, 1
43, 716627, 4
43, 660322, 1
43, 641958, 3
43, 635059, 3
43, 716627, 1
43, 641958, 1
43, 663313, 3
43, 1098387, 1
43, 798956, 3
43, 1098357, 3
43, 646738, 4
43, 664147, 2
43, 660322, 4
43, 637187, 1
43, 660146, 5
43, 635059, 2
43, 637440, 3
43, 766453, 3
43, 635058, 1
43, 645730, 5
43, 792705, 5
43, 645730, 4
43, 663150, 4
43, 634992, 5
43, 798400, 2
43, 766453, 5
43, 663150, 2
43, 664501, 5
43, 641958, 1
44, 1098387, 4
44, 716406, 3
44, 635058, 4
44, 766453, 2
44, 649931, 2
44, 792705, 3
44, 660231, 1
44, 766453, 1
44, 1098387, 1
44, 1098387, 5
44, 637440, 1
44, 795431, 5
44, 635059, 1
44, 646738, 1
44, 635058, 1
44, 633221, 3
44, 665016, 5
44, 716627, 3
44, 795431, 3
44, 660146, 4
44, 635058, 1
44, 716218, 3
44, 716218, 1
44, 664501, 5
44, 716431, 3
44, 660231, 3
44, 635059, 4
44, 635058, 5
44, 716627, 3
44, 649931, 3
44, 1098387, 3
44, 652332, 4
44, 649931, 3
44, 637766, 4
44, 664147, 5
44, 649931, 1
44, 782585, 3
44, 1098357, 4
44, 658655, 4
44, 660322, 1
44, 716406, 2
44, 646738, 5
44, 663150, 2
44, 632155, 4
45, 646738, 2
45, 646738, 2
45, 635059, 4
45, 649931, 4
45, 632155, 5
45, 660322, 3
45, 637440, 1
45, 658152, 1
45, 664501, 1
45, 664473, 1
45, 647830, 2
45, 660231, 3
45, 665029, 2
45, 798956, 3
45, 716431, 5
45, 661188, 3
45, 665029, 2
45, 782585, 3
45, 716431, 2
45, 633160, 4
45, 664147, 1
45, 716431, 2
45, 639749, 1
45, 652332, 3
45, 1098387, 5
45, 633221, 2
45, 716218, 3
45, 661188, 3
45, 641958, 2
45, 652332, 2
45, 715540, 2
45, 658509, 5
45, 798400, 1
45, 716218, 1
45, 646738, 1
45, 637766, 4
45, 795431, 1
45, 635058, 5
45, 646738, 4
45, 663150, 1
45, 643505, 1
45, 645730, 4
45, 665016, 5
45, 634992, 2
45, 637187, 3
46, 646738, 4
46, 795431, 3
46, 645730, 5
46, 649931, 1
46, 716413, 5
46, 658152, 5
46, 716413, 4
46, 632155, 5
46, 660146, 5
46, 645988, 3
46, 658509, 4
46, 792705, 1
46, 633160, 2
46, 766453, 5
46, 635059, 5
46, 766453, 3
46, 637440, 1
46, 716431, 4
46, 664501, 1
46, 645988, 1
46, 792705, 5
46, 660146, 3
46, 635059, 2
46, 658152, 3
46, 646738, 1
46, 665016, 4
46, 766453, 3
46, 665016, 5
46, 658655, 4
46, 1098387, 5
46, 635059, 5
46, 661188, 4
46, 664473, 5
46, 782601, 4
46, 635059, 2
46, 1098387, 4
46, 716406, 3
46, 649931, 3
46, 637440, 5
46, 646738, 1
46, 664473, 2
46, 664147, 1
46, 660231, 3
46, 798956, 5
46, 716431, 3
46, 645730, 4
47, 661188, 3
47, 637440, 2
47, 632155, 3
47, 766453, 1
47, 645730, 4
47, 716431, 5
47, 637187, 4
47, 716431, 1
47, 1098387, 4
47, 634992, 1
47, 632155, 1
47, 716627, 4
47, 634992, 3
47, 663150, 1
47, 665016, 3
47, 637766, 1
47, 633221, 1
47, 775585, 3
47, 782601, 1
47, 649931, 4
47, 664473, 1
47, 798400, 3
47, 663150, 5
47, 775585, 1
47, 798956, 3
47, 664473, 1
47, 634992, 3
47, 645730, 1
47, 782585, 3
47, 716431, 3
47, 782585, 4
47, 642660, 5
47, 775585, 3
47, 635059, 1
47, 643505, 5
47, 664473, 1
47, 649931, 4
47, 716413, 4
47, 637766, 3
47, 716415, 5
47, 637187, 4
47, 663150, 3
47, 645730, 3
47, 633221, 3
47, 661188, 2
47, 660231, 4
47, 664473, 3
48, 798956, 1
48, 645730, 3
48, 1098357, 4
48, 782585, 1
48, 664473, 2
48, 664501, 4
48, 643505, 3
48, 792705, 5
48, 716218, 5
48, 716218, 4
48, 645730, 4
48, 1098357, 2
48, 782601, 2
48, 664147, 1
48, 716627, 1
48, 632155, 4
48, 635058, 4
48, 716431, 2
48, 660231, 2
48, 635058, 4
48, 632155, 1
48, 1098387, 2
48, 637187, 5
48, 782585, 1
48, 716406, 2
48, 782601, 5
48, 795431, 2
48, 664473, 4
48, 661188, 5
48, 1098387, 5
48, 658655, 1
48, 633221, 5
48, 658655, 1
48, 660146, 4
48, 792705, 1
48, 766453, 1
48, 798956, 5
48, 635058, 3
48, 637440, 5
48, 658655, 1
48, 646738, 1
48, 664473, 2
48, 658655, 5
48, 633221, 3
48, 664147, 3
48, 658655, 2
48, 660231, 3
48, 660322, 1
49, 632155, 5
49, 663313, 5
49, 661188, 4
49, 642660, 4
49, 635058, 2
49, 716406, 2
49, 782585, 1
49, 665016, 5
49, 715540, 2
49, 661188, 2
49, 658509, 2
49, 635059, 5
49, 664147, 1
49, 782585, 1
49, 660322, 5
49, 658509, 2
49, 664473, 4
49, 634992, 4
49, 775585, 4
49, 641958, 5
49, 633221, 4
49, 1098357, 4
49, 716218, 3
49, 715540, 1
49, 658509, 4
49, 639749, 3
49, 775585, 2
49, 782601, 2
49, 658152, 4
49, 660231, 2
49, 792705, 4
49, 660146, 2
49, 658509, 5
49, 658152, 3
49, 663150, 4
49, 775585, 4
49, 716431, 5
49, 665029, 5
49, 798400, 5
49, 646738, 3
49, 665016, 1
49, 658152, 4
49, 647830, 5
49, 665029, 4
49, 660322, 5
49, 660146, 2
49, 634992, 5
49, 645730, 5
49, 766453, 5
50, 645988, 1
50, 716413, 2
50, 632155, 5
50, 716627, 4
50, 660322, 3
50, 637440, 4
50, 660231, 2
50, 635058, 5
50, 1098357, 1
50, 658152, 5
50, 775585, 1
50, 643505, 4
50, 634992, 1
50, 635058, 4
50, 798400, 2
50, 660231, 4
50, 766453, 5
50, 660231, 3
50, 637440, 4
50, 664473, 4
50, 782585, 4
50, 716218, 3
50, 715540, 4
50, 647830, 5
50, 766453, 3
50, 798956, 4
50, 782585, 1
50, 647830, 2
50, 633221, 2
50, 645988, 1
50, 716627, 4
50, 716406, 3
50, 645988, 5
50, 1098387, 3
50, 1098357, 2
50, 664147, 2
50, 660146, 3
50, 766453, 5
50, 637766, 4
50, 795431, 5
50, 637187, 4
50, 795431, 2
50, 775585, 1
50, 646738, 1
50, 782601, 1
50, 663313, 4
50, 664473, 3
50, 766453, 2
50, 635058, 3
50, 716431, 1
51, 658509, 3
51, 792705, 4
51, 716413, 3
51, 782601, 2
51, 645988, 1
51, 665029, 2
51, 633160, 3
51, 637440, 5
51, 645730, 4
51, 663150, 1
51, 660146, 2
51, 766453, 2
51, 715540, 4
51, 716406, 5
51, 642660, 1
51, 635059, 4
51, 660146, 5
51, 716218, 3
51, 646738, 2
51, 782585, 5
51, 637440, 4
51, 647830, 5
51, 665029, 4
51, 646738, 4
51, 632155, 4
51, 645988, 4
51, 647830, 2
51, 775585, 3
51, 649931, 1
51, 715540, 2
51, 660231, 1
51, 635059, 4
51, 658509, 3
51, 635059, 2
51, 660146, 3
51, 639749, 5
51, 635059, 1
51, 665016, 1
51, 645988, 2
51, 661188, 1
51, 639749, 1
51, 643505, 1
51, 652332, 4
51, 716406, 3
51, 775585, 4
51, 716627, 3
51, 716218, 2
51, 716627, 1
51, 664473, 5
51, 660231, 1
51, 658152, 4
52, 658655, 1
52, 716431, 5
52, 766453, 4
52, 649931, 3
52, 646738, 5
52, 661188, 1
52, 663313, 3
52, 635059, 5
52, 782585, 4
52, 716431, 2
52, 635058, 1
52, 798400, 5
52, 637440, 4
52, 716431, 2
52, 639749, 2
52, 663313, 4
52, 795431, 4
52, 635059, 1
52, 660322, 2
52, 775585, 2
52, 766453, 3
52, 1098357, 3
52, 641958, 5
52, 1098387, 2
52, 632155, 1
52, 647830, 3
52, 766453, 3
52, 716413, 3
52, 660146, 1
52, 792705, 1
52, 782585, 2
52, 660146, 3
52, 766453, 3
52, 641958, 3
52, 633160, 5
52, 647830, 4
52, 639749, 4
52, 645730, 4
52, 716406, 3
52, 660231, 5
52, 795431, 5
52, 664501, 1
52, 663313, 4
52, 658152, 3
52, 775585, 4
52, 635058, 4
52, 637187, 1
52, 635058, 1
52, 1098357, 5
52, 635058, 2
52, 634992, 1
52, 658655, 5
53, 637766, 2
53, 652332, 4
53, 645988, 2
53, 660146, 1
53, 647830, 1
53, 647830, 3
53, 775585, 1
53, 661188, 2
53, 663313, 3
53, 645730, 2
53, 660322, 1
53, 641958, 3
53, 716415, 3
53, 634992, 3
53, 775585, 3
53, 637440, 2
53, 660231, 3
53, 633221, 4
53, 766453, 1
53, 632155, 2
53, 665016, 2
53, 632155, 1
53, 642660, 5
53, 635058, 4
53, 647830, 2
53, 642660, 2
53, 798400, 2
53, 660231, 5
53, 646738, 2
53, 766453, 1
53, 664473, 4
53, 798956, 2
53, 633221, 5
53, 634992, 3
53, 782585, 1
53, 665016, 1
53, 637187, 2
53, 798400, 3
53, 1098387, 4
53, 634992, 2
53, 1098387, 1
53, 782585, 3
53, 637766, 1
53, 634992, 1
53, 637766, 4
53, 716218, 1
53, 660146, 1
53, 641958, 3
53, 652332, 2
53, 661188, 5
53, 1098357, 5
53, 716415, 3
53, 1098357, 3
54, 716406, 5
54, 635059, 3
54, 645730, 4
54, 716627, 1
54, 633221, 5
54, 658509, 4
54, 637766, 1
54, 798400, 2
54, 775585, 4
54, 652332, 5
54, 663150, 5
54, 643505, 4
54, 665029, 4
54, 716431, 4
54, 639749, 3
54, 658655, 2
54, 637187, 5
54, 660146, 2
54, 665016, 2
54, 637187, 1
54, 665016, 1
54, 716406, 1
54, 782601, 3
54, 660231, 1
54, 766453, 5
54, 658509, 4
54, 637766, 4
54, 798400, 1
54, 795431, 4
54, 637766, 1
54, 643505, 2
54, 635059, 3
54, 1098357, 1
54, 716218, 3
54, 782601, 2
54, 716627, 5
54, 716627, 5
54, 645988, 4
54, 664147, 5
54, 660322, 3
54, 645988, 4
54, 646738, 1
54, 665029, 5
54, 635059, 5
54, 635058, 3
54, 716218, 1
54, 782601, 3
54, 1098357, 5
54, 716413, 4
54, 716415, 4
54, 647830, 5
54, 716413, 2
54, 646738, 5
54, 664473, 2
55, 775585, 5
55, 663313, 1
55, 782601, 4
55, 633221, 3
55, 643505, 3
55, 643505, 1
55, 664147, 3
55, 643505, 1
55, 645988, 5
55, 633221, 5
55, 664501, 5
55, 639749, 5
55, 637766, 1
55, 637187, 4
55, 646738, 1
55, 664473, 2
55, 645988, 1
55, 766453, 2
55, 663150, 1
55, 1098357, 4
55, 649931, 4
55, 795431, 2
55, 658152, 1
55, 658152, 2
55, 715540, 2
55, 635058, 5
55, 664501, 4
55, 664147, 2
55, 795431, 2
55, 633221, 4
55, 1098357, 4
55, 652332, 1
55, 782601, 3
55, 1098357, 5
55, 716627, 1
55, 637440, 1
55, 664473, 3
55, 660231, 5
55, 664473, 2
55, 634992, 4
55, 660322, 1
55, 658152, 2
55, 795431, 4
55, 635058, 3
55, 660322, 3
55, 716415, 1
55, 663150, 3
55, 637766, 3
55, 782585, 2
55, 664147, 5
55, 632155, 1
55, 637766, 3
55, 635059, 1
55, 663150, 2
55, 665029, 5
56, 664501, 2
56, 661188, 1
56, 716431, 2
56, 643505, 5
56, 635058, 2
56, 715540, 2
56, 660231, 4
56, 635059, 1
56, 643505, 1
56, 643505, 2
56, 716413, 4
56, 664501, 3
56, 795431, 5
56, 665016, 2
56, 646738, 2
56, 633221, 3
56, 632155, 1
56, 775585, 4
56, 716627, 1
56, 716218, 5
56, 639749, 5
56, 658509, 1
56, 782585, 3
56, 633221, 3
56, 637440, 3
56, 643505, 3
56, 775585, 2
56, 665029, 1
56, 660322, 1
56, 716218, 4
56, 658152, 1
56, 660231, 3
56, 663313, 2
56, 661188, 3
56, 645730, 2
56, 646738, 1
56, 665016, 2
56, 637766, 1
56, 795431, 5
56, 632155, 5
56, 660322, 1
56, 641958, 2
56, 635059, 4
56, 795431, 4
56, 660231, 4
56, 716406, 3
56, 661188, 2
56, 665029, 1
56, 637440, 1
56, 645988, 5
56, 782585, 1
56, 715540, 4
56, 792705, 2
56, 637440, 5
56, 658655, 4
56, 643505, 5
57, 633221, 1
57, 645730, 5
57, 665029, 3
57, 642660, 1
57, 665029, 1
57, 716406, 2
57, 664501, 5
57, 639749, 1
57, 658655, 2
57, 664473, 4
57, 649931, 4
57, 715540, 4
57, 716431, 1
57, 645730, 1
57, 637187, 5
57, 664473, 2
57, 634992, 2
57, 637766, 1
57, 645988, 4
57, 792705, 4
57, 660231, 4
57, 637440, 2
57, 716218, 1
57, 716415, 5
57, 716218, 1
57, 798956, 4
57, 664147, 3
57, 660231, 2
57, 642660, 3
57, 660231, 3
57, 652332, 5
57, 716431, 2
57, 1098357, 3
57, 633221, 2
57, 643505, 4
57, 716415, 2
57, 660322, 5
57, 716627, 3
57, 716218, 3
57, 646738, 1
57, 716415, 4
57, 647830, 5
57, 1098357, 4
57, 658509, 1
57, 665016, 5
57, 633160, 3
57, 642660, 3
57, 792705, 4
57, 716413, 2
57, 663313, 2
57, 645988, 1
57, 716627, 2
57, 649931, 3
57, 660146, 1
57, 639749, 3
57, 635059, 1
57, 766453, 5
58, 782585, 5
58, 633160, 5
58, 665016, 1
58, 660231, 3
58, 716406, 2
58, 782585, 2
58, 639749, 3
58, 637187, 2
58, 798956, 1
58, 635058, 1
58, 1098357, 2
58, 782601, 2
58, 637440, 2
58, 782601, 5
58, 635059, 4
58, 775585, 3
58, 645988, 3
58, 766453, 1
58, 658509, 4
58, 632155, 3
58, 1098387, 1
58, 643505, 5
58, 642660, 5
58, 637766, 4
58, 661188, 4
58, 660322, 5
58, 716218, 1
58, 795431, 4
58, 663313, 2
58, 664473, 5
58, 664147, 2
58, 637766, 5
58, 639749, 2
58, 633160, 1
58, 641958, 1
58, 782601, 4
58, 641958, 2
58, 716413, 5
58, 716406, 3
58, 633160, 5
58, 795431, 5
58, 716218, 1
58, 660146, 3
58, 637187, 4
58, 795431, 4
58, 658509, 1
58, 795431, 2
58, 645730, 2
58, 660231, 2
58, 663150, 3
58, 766453, 2
58, 664501, 5
58, 660146, 4
58, 716627, 1
58, 716431, 2
58, 664473, 3
58, 643505, 1
58, 633160, 5
59, 1098357, 1
59, 1098387, 1
59, 664501, 1
59, 643505, 3
59, 798956, 4
59, 635058, 2
59, 798400, 4
59, 660231, 1
59, 642660, 4
59, 637187, 5
59, 766453, 1
59, 641958, 4
59, 658509, 2
59, 664501, 4
59, 660322, 5
59, 716218, 3
59, 639749, 4
59, 633221, 3
59, 716431, 1
59, 661188, 2
59, 665016, 1
59, 665016, 2
59, 633160, 4
59, 716431, 4
59, 716415, 1
59, 1098357, 4
59, 658509, 4
59, 792705, 5
59, 663150, 2
59, 633221, 1
59, 660231, 2
59, 637440, 1
59, 634992, 3
59, 646738, 1
59, 632155, 5
59, 664473, 4
59, 645730, 2
59, 632155, 5
59, 798400, 1
59, 660322, 5
59, 637440, 3
59, 775585, 5
59, 795431, 2
59, 782585, 1
59, 766453, 1
59, 658152, 3
59, 635058, 2
59, 798956, 1
59, 633160, 2
59, 660231, 5
59, 645988, 4
59, 663150, 2
59, 1098387, 4
59, 643505, 4
59, 782601, 3
59, 715540, 1
59, 658655, 3
59, 716413, 4
59, 716406, 5
60, 716218, 2
60, 665029, 1
60, 792705, 4
60, 634992, 2
60, 660322, 5
60, 645730, 1
60, 660231, 5
60, 798956, 1
60, 637440, 5
60, 766453, 2
60, 798956, 4
60, 716406, 3
60, 660231, 5
60, 642660, 3
60, 665029, 4
60, 658655, 2
60, 663313, 4
60, 639749, 4
60, 649931, 5
60, 663150, 4
60, 775585, 3
60, 795431, 1
60, 716627, 5
60, 795431, 5
60, 641958, 3
60, 637187, 2
60, 665016, 5
60, 798956, 2
60, 637187, 5
60, 660231, 2
60, 715540, 1
60, 634992, 3
60, 665029, 3
60, 798956, 4
60, 661188, 4
60, 1098387, 1
60, 645988, 3
60, 665016, 2
60, 1098387, 5
60, 1098357, 4
60, 641958, 3
60, 664501, 2
60, 663150, 1
60, 782601, 5
60, 633160, 4
60, 661188, 2
60, 664501, 3
60, 637766, 4
60, 798956, 1
60, 660322, 5
60, 715540, 5
60, 716406, 3
60, 660231, 4
60, 716415, 4
60, 633221, 2
60, 635059, 2
60, 632155, 3
60, 632155, 4
60, 766453, 1
60, 639749, 5
61, 716218, 4
61, 649931, 1
61, 645988, 3
61, 637440, 1
61, 782601, 3
61, 639749, 4
61, 716413, 1
61, 649931, 1
61, 660322, 2
61, 664501, 1
61, 658655, 4
61, 792705, 5
61, 775585, 1
61, 664147, 5
61, 716218, 5
61, 634992, 3
61, 782585, 1
61, 792705, 4
61, 766453, 2
61, 792705, 1
61, 716415, 3
61, 652332, 5
61, 792705, 5
61, 643505, 3
61, 637766, 1
61, 632155, 1
61, 639749, 1
61, 635058, 2
61, 645730, 4
61, 649931, 3
61, 715540, 5
61, 1098357, 4
61, 663313, 1
61, 775585, 5
61, 639749, 4
61, 633160, 1
61, 639749, 4
61, 639749, 2
61, 665029, 4
61, 634992, 2
61, 637766, 1
61, 649931, 2
61, 1098387, 5
61, 643505, 2
61, 660322, 5
61, 798400, 4
61, 634992, 1
61, 637440, 4
61, 660146, 1
61, 664473, 5
61, 637187, 1
61, 795431, 5
61, 798956, 2
61, 664473, 2
61, 664147, 1
61, 660322, 4
61, 639749, 2
61, 716218, 4
61, 637187, 2
61, 716413, 3
61, 716415, 2
62, 766453, 1
62, 766453, 3
62, 663150, 1
62, 635059, 2
62, 661188, 2
62, 716406, 5
62, 716406, 5
62, 637440, 3
62, 798400, 3
62, 637187, 4
62, 635059, 2
62, 663150, 3
62, 766453, 4
62, 716627, 3
62, 716415, 3
62, 658152, 2
62, 664473, 4
62, 637440, 4
62, 633160, 2
62, 634992, 1
62, 1098357, 3
62, 637187, 5
62, 660322, 3
62, 649931, 5
62, 792705, 1
62, 665029, 5
62, 661188, 1
62, 716627, 3
62, 637440, 3
62, 660231, 1
62, 664473, 3
62, 642660, 4
62, 652332, 1
62, 782601, 5
62, 660322, 4
62, 766453, 5
62, 658509, 4
62, 795431, 5
62, 647830, 5
62, 652332, 3
62, 795431, 3
62, 661188, 1
62, 716413, 2
62, 665029, 3
62, 798400, 5
62, 652332, 1
62, 652332, 1
62, 635058, 1
62, 664147, 1
62, 647830, 4
62, 665016, 2
62, 660146, 2
62, 716406, 4
62, 1098357, 1
62, 660322, 4
62, 646738, 1
62, 660146, 1
62, 646738, 2
62, 716415, 2
62, 658509, 3
62, 635059, 3
62, 637766, 4
63, 775585, 3
63, 716406, 5
63, 660231, 5
63, 634992, 3
63, 633160, 4
63, 716406, 1
63, 661188, 5
63, 660322, 1
63, 635059, 2
63, 639749, 4
63, 637187, 1
63, 637766, 1
63, 665016, 2
63, 635058, 4
63, 637187, 1
63, 1098357, 5
63, 633221, 2
63, 766453, 4
63, 775585, 5
63, 664147, 3
63, 642660, 1
63, 649931, 1
63, 658509, 1
63, 1098387, 5
63, 645730, 2
63, 775585, 2
63, 632155, 3
63, 664473, 2
63, 665016, 5
63, 782585, 5
63, 649931, 3
63, 664147, 4
63, 792705, 2
63, 716406, 2
63, 782601, 5
63, 645730, 1
63, 798956, 2
63, 715540, 2
63, 633221, 3
63, 637766, 3
63, 1098357, 2
63, 715540, 2
63, 663313, 1
63, 637766, 1
63, 798956, 4
63, 639749, 3
63, 634992, 1
63, 1098387, 1
63, 664473, 4
63, 633160, 2
63, 716218, 5
63, 716218, 4
63, 641958, 5
63, 665029, 1
63, 647830, 5
63, 795431, 2
63, 658509, 4
63, 633160, 5
63, 716415, 3
63, 775585, 1
63, 660146, 1
63, 637187, 2
63, 633160, 4
64, 664473, 4
64, 792705, 5
64, 641958, 5
64, 664501, 3
64, 664501, 5
64, 645988, 5
64, 792705, 5
64, 646738, 5
64, 716415, 3
64, 716406, 2
64, 716627, 1
64, 792705, 2
64, 716218, 5
64, 663313, 4
64, 715540, 5
64, 637766, 4
64, 634992, 2
64, 716627, 4
64, 634992, 2
64, 664501, 4
64, 716406, 4
64, 798400, 2
64, 663313, 2
64, 782585, 2
64, 664473, 5
64, 663313, 5
64, 782585, 4
64, 652332, 5
64, 1098357, 4
64, 715540, 1
64, 660231, 1
64, 646738, 5
64, 639749, 3
64, 658655, 1
64, 649931, 3
64, 1098357, 3
64, 660322, 3
64, 646738, 4
64, 716431, 3
64, 642660, 1
64, 645988, 5
64, 665016, 4
64, 715540, 5
64, 637766, 5
64, 642660, 1
64, 715540, 5
64, 1098357, 4
64, 782585, 4
64, 716218, 3
64, 645730, 4
64, 664147, 3
64, 642660, 2
64, 1098387, 5
64, 658152, 4
64, 782585, 4
64, 660231, 3
64, 798956, 5
64, 664147, 1
64, 792705, 4
64, 795431, 2
64, 652332, 4
64, 658655, 3
64, 645988, 4
64, 792705, 5
65, 664501, 3
65, 716218, 2
65, 637187, 4
65, 634992, 3
65, 639749, 4
65, 658509, 1
65, 798400, 1
65, 715540, 1
65, 635058, 4
65, 660231, 4
65, 652332, 3
65, 782601, 2
65, 716413, 5
65, 663313, 1
65, 632155, 5
65, 716218, 3
65, 637440, 5
65, 646738, 4
65, 635059, 1
65, 715540, 3
65, 642660, 3
65, 642660, 5
65, 635058, 3
65, 658655, 4
65, 1098357, 2
65, 795431, 3
65, 716406, 4
65, 639749, 3
65, 645988, 3
65, 716431, 3
65, 639749, 4
65, 632155, 1
65, 637766, 2
65, 1098357, 2
65, 665016, 2
65, 782585, 1
65, 645988, 1
65, 798956, 5
65, 652332, 5
65, 1098357, 3
65, 641958, 5
65, 782601, 2
65, 647830, 3
65, 652332, 4
65, 664501, 3
65, 660146, 5
65, 635058, 3
65, 632155, 3
65, 716413, 4
65, 664147, 4
65, 635058, 2
65, 637766, 4
65, 716406, 2
65, 664147, 4
65, 637766, 3
65, 792705, 5
65, 637187, 2
65, 1098357, 2
65, 632155, 2
65, 637766, 2
65, 716406, 3
65, 660322, 3
65, 658655, 5
65, 639749, 5
65, 664473, 4
66, 664147, 1
66, 716218, 1
66, 663313, 2
66, 1098357, 5
66, 716413, 1
66, 716415, 2
66, 1098387, 3
66, 716413, 5
66, 641958, 5
66, 658655, 2
66, 664501, 5
66, 645730, 2
66, 634992, 4
66, 716413, 4
66, 646738, 1
66, 1098387, 1
66, 647830, 2
66, 645988, 5
66, 716406, 3
66, 665029, 4
66, 637440, 4
66, 716218, 5
66, 658655, 4
66, 647830, 3
66, 792705, 3
66, 782585, 2
66, 649931, 2
66, 642660, 1
66, 716406, 4
66, 643505, 1
66, 792705, 2
66, 637440, 5
66, 637440, 2
66, 658509, 4
66, 652332, 4
66, 635058, 1
66, 641958, 5
66, 637187, 3
66, 637187, 4
66, 637440, 4
66, 664147, 5
66, 642660, 3
66, 775585, 2
66, 766453, 3
66, 637187, 2
66, 643505, 1
66, 1098357, 4
66, 775585, 2
66, 652332, 5
66, 658152, 1
66, 649931, 3
66, 798956, 2
66, 1098387, 5
66, 635058, 1
66, 716627, 2
66, 637766, 4
66, 798400, 5
66, 782601, 1
66, 643505, 1
66, 775585, 1
66, 766453, 5
66, 639749, 3
66, 665029, 4
66, 716406, 3
66, 792705, 3
66, 645730, 1
67, 641958, 2
67, 766453, 3
67, 637187, 3
67, 637187, 5
67, 639749, 4
67, 716406, 5
67, 647830, 4
67, 658152, 4
67, 649931, 1
67, 660231, 2
67, 633160, 2
67, 716406, 1
67, 716415, 1
67, 716413, 5
67, 665029, 4
67, 634992, 5
67, 663150, 3
67, 1098387, 3
67, 716218, 2
67, 637187, 5
67, 664473, 3
67, 641958, 2
67, 716431, 4
67, 646738, 5
67, 635059, 1
67, 715540, 3
67, 665016, 5
67, 637440, 3
67, 646738, 3
67, 633221, 3
67, 795431, 1
67, 716218, 2
67, 798956, 4
67, 658655, 4
67, 665029, 4
67, 798956, 1
67, 660146, 5
67, 652332, 4
67, 716415, 5
67, 716627, 2
67, 646738, 1
67, 633221, 2
67, 647830, 1
67, 1098387, 5
67, 664473, 3
67, 782585, 4
67, 1098387, 3
67, 716431, 3
67, 652332, 3
67, 643505, 2
67, 716627, 5
67, 716406, 4
67, 637766, 2
67, 663150, 3
67, 766453, 5
67, 716218, 3
67, 647830, 2
67, 661188, 5
67, 792705, 1
67, 646738, 2
67, 647830, 3
67, 766453, 1
67, 645730, 3
67, 715540, 5
67, 1098387, 1
67, 766453, 1
67, 658509, 3
68, 665016, 3
68, 716415, 3
68, 715540, 3
68, 658655, 4
68, 792705, 2
68, 635059, 4
68, 766453, 1
68, 716406, 5
68, 633221, 2
68, 633160, 4
68, 663313, 4
68, 716218, 4
68, 658152, 1
68, 652332, 1
68, 660146, 5
68, 641958, 3
68, 716406, 3
68, 637440, 3
68, 665029, 2
68, 637766, 5
68, 646738, 4
68, 1098357, 3
68, 635058, 3
68, 716431, 5
68, 798956, 3
68, 633221, 5
68, 658509, 1
68, 649931, 5
68, 641958, 4
68, 665016, 1
68, 658509, 5
68, 664473, 2
68, 716431, 1
68, 660146, 4
68, 663313, 2
68, 635058, 4
68, 775585, 3
68, 716431, 1
68, 716406, 5
68, 637766, 5
68, 637187, 3
68, 633160, 2
68, 645988, 5
68, 658509, 1
68, 782601, 2
68, 637766, 1
68, 665016, 1
68, 635058, 2
68, 798400, 5
68, 637440, 1
68, 663150, 4
68, 663150, 4
68, 641958, 1
68, 633160, 5
68, 633160, 1
68, 663313, 2
68, 645730, 4
68, 661188, 5
68, 664501, 5
68, 1098387, 3
68, 664473, 5
68, 639749, 2
68, 798956, 3
68, 716218, 2
68, 665029, 1
68, 716218, 4
68, 665029, 3
68, 652332, 4
69, 766453, 2
69, 716218, 3
69, 658509, 5
69, 795431, 2
69, 716627, 5
69, 766453, 1
69, 649931, 1
69, 643505, 4
69, 660146, 2
69, 660231, 5
69, 647830, 1
69, 664501, 3
69, 795431, 4
69, 641958, 1
69, 664501, 2
69, 795431, 1
69, 660146, 2
69, 798400, 2
69, 635059, 2
69, 633221, 5
69, 664147, 4
69, 639749, 3
69, 646738, 5
69, 664147, 4
69, 634992, 1
69, 635059, 3
69, 639749, 2
69, 635059, 1
69, 641958, 3
69, 633221, 2
69, 664147, 4
69, 641958, 2
69, 716627, 3
69, 643505, 4
69, 637187, 3
69, 635058, 2
69, 716218, 5
69, 645730, 4
69, 663150, 5
69, 646738, 4
69, 642660, 4
69, 637187, 4
69, 639749, 2
69, 658152, 1
69, 665029, 1
69, 782585, 4
69, 716413, 1
69, 664147, 4
69, 798400, 1
69, 639749, 2
69, 643505, 5
69, 658655, 1
69, 716218, 3
69, 642660, 5
69, 782585, 2
69, 665016, 1
69, 658509, 4
69, 716431, 3
69, 658655, 3
69, 766453, 3
69, 766453, 4
69, 649931, 4
69, 643505, 2
69, 637440, 1
69, 635059, 3
69, 647830, 3
69, 798400, 4
69, 715540, 2
69, 645988, 2
70, 663150, 5
70, 660231, 1
70, 633221, 2
70, 643505, 3
70, 658152, 1
70, 766453, 1
70, 632155, 1
70, 716218, 2
70, 1098387, 2
70, 782601, 5
70, 716413, 5
70, 633221, 4
70, 775585, 1
70, 661188, 1
70, 665016, 2
70, 782585, 3
70, 663313, 4
70, 782585, 2
70, 716406, 2
70, 664473, 5
70, 782601, 4
70, 658655, 5
70, 649931, 2
70, 782585, 4
70, 782585, 5
70, 1098387, 3
70, 637187, 3
70, 637187, 1
70, 635058, 3
70, 658509, 2
70, 782601, 2
70, 633160, 5
70, 716413, 1
70, 658655, 5
70, 633160, 4
70, 637440, 1
70, 652332, 5
70, 658509, 3
70, 645730, 5
70, 716218, 5
70, 660322, 1
70, 716406, 3
70, 716218, 4
70, 716431, 2
70, 664501, 4
70, 1098357, 4
70, 665029, 3
70, 663150, 5
70, 642660, 1
70, 660231, 5
70, 635058, 1
70, 664501, 1
70, 658152, 2
70, 637766, 3
70, 795431, 5
70, 664473, 3
70, 632155, 3
70, 766453, 1
70, 716413, 2
70, 715540, 4
70, 661188, 2
70, 663150, 4
70, 645988, 1
70, 649931, 3
70, 715540, 3
70, 1098357, 3
70, 633160, 1
70, 658152, 5
70, 645988, 3
70, 782585, 3
71, 716415, 5
71, 665016, 5
71, 645988, 3
71, 632155, 3
71, 716218, 5
71, 639749, 1
71, 663313, 2
71, 633221, 5
71, 795431, 1
71, 716627, 1
71, 633221, 4
71, 658655, 1
71, 634992, 2
71, 641958, 4
71, 663313, 4
71, 642660, 3
71, 664501, 3
71, 663150, 4
71, 782601, 1
71, 639749, 2
71, 664473, 1
71, 664501, 4
71, 635058, 1
71, 665016, 2
71, 632155, 1
71, 664501, 5
71, 716415, 3
71, 664501, 3
71, 1098387, 2
71, 716627, 2
71, 716413, 2
71, 639749, 4
71, 663150, 1
71, 649931, 4
71, 715540, 2
71, 637766, 5
71, 660322, 4
71, 634992, 4
71, 643505, 2
71, 798956, 3
71, 645988, 5
71, 660231, 1
71, 645730, 1
71, 635058, 4
71, 652332, 1
71, 633221, 2
71, 639749, 3
71, 716415, 3
71, 647830, 2
71, 652332, 5
71, 649931, 1
71, 663313, 5
71, 1098357, 3
71, 1098387, 1
71, 716413, 5
71, 649931, 3
71, 637766, 3
71, 716415, 2
71, 716415, 5
71, 642660, 5
71, 664147, 1
71, 716413, 1
71, 635058, 5
71, 658509, 4
71, 639749, 1
71, 716406, 2
71, 665016, 4
71, 1098387, 1
71, 635058, 2
71, 798956, 4
71, 766453, 3
72, 635059, 5
72, 1098387, 5
72, 798956, 2
72, 647830, 3
72, 663313, 3
72, 715540, 1
72, 716415, 5
72, 795431, 3
72, 632155, 4
72, 663313, 4
72, 715540, 4
72, 766453, 3
72, 782585, 1
72, 795431, 5
72, 645730, 3
72, 637187, 4
72, 665016, 3
72, 766453, 3
72, 633221, 5
72, 632155, 5
72, 639749, 3
72, 782585, 5
72, 634992, 5
72, 661188, 4
72, 664501, 3
72, 1098387, 3
72, 652332, 1
72, 645730, 1
72, 664147, 4
72, 658509, 5
72, 647830, 5
72, 635059, 1
72, 664501, 2
72, 643505, 5
72, 795431, 1
72, 664147, 4
72, 652332, 1
72, 637187, 1
72, 716406, 3
72, 716406, 3
72, 658152, 1
72, 643505, 3
72, 646738, 4
72, 633221, 3
72, 792705, 4
72, 716627, 5
72, 660231, 1
72, 782601, 5
72, 663313, 5
72, 658655, 3
72, 792705, 3
72, 660231, 5
72, 635059, 5
72, 664501, 3
72, 664147, 5
72, 634992, 4
72, 634992, 3
72, 637440, 3
72, 665016, 5
72, 658152, 3
72, 1098357, 4
72, 633160, 4
72, 642660, 2
72, 637766, 1
72, 633160, 4
72, 646738, 3
72, 634992, 1
72, 716218, 1
72, 652332, 5
72, 639749, 4
72, 637440, 5
72, 660231, 5
73, 664147, 3
73, 798400, 1
73, 798400, 3
73, 665029, 1
73, 716413, 4
73, 660231, 1
73, 661188, 2
73, 635059, 2
73, 637187, 3
73, 795431, 2
73, 716415, 5
73, 660322, 1
73, 716406, 3
73, 658509, 2
73, 658152, 2
73, 639749, 4
73, 660146, 1
73, 798956, 1
73, 664147, 2
73, 795431, 3
73, 798400, 2
73, 782601, 5
73, 664473, 4
73, 716406, 4
73, 715540, 2
73, 660231, 5
73, 658509, 3
73, 716406, 3
73, 715540, 3
73, 1098387, 2
73, 641958, 2
73, 639749, 4
73, 658152, 1
73, 649931, 3
73, 645730, 1
73, 632155, 3
73, 782601, 4
73, 782585, 5
73, 632155, 5
73, 798400, 2
73, 652332, 2
73, 633160, 2
73, 660231, 3
73, 716431, 4
73, 634992, 5
73, 658152, 5
73, 1098387, 1
73, 646738, 4
73, 663150, 3
73, 664473, 4
73, 716218, 3
73, 635059, 5
73, 645988, 1
73, 649931, 2
73, 633221, 4
73, 652332, 2
73, 782585, 2
73, 658509, 4
73, 633160, 3
73, 637187, 3
73, 715540, 5
73, 715540, 3
73, 782585, 1
73, 782585, 2
73, 798400, 2
73, 641958, 5
73, 660231, 4
73, 632155, 2
73, 635059, 4
73, 716431, 3
73, 633160, 2
73, 647830, 4
73, 649931, 4
74, 798956, 1
74, 660231, 2
74, 652332, 5
74, 660322, 4
74, 716218, 3
74, 665016, 1
74, 642660, 4
74, 658152, 1
74, 716627, 5
74, 643505, 3
74, 1098357, 5
74, 632155, 2
74, 661188, 4
74, 635058, 5
74, 664147, 4
74, 663313, 3
74, 663150, 2
74, 658152, 2
74, 664147, 3
74, 663313, 4
74, 660146, 3
74, 798956, 2
74, 634992, 4
74, 664501, 2
74, 798956, 5
74, 716406, 1
74, 665016, 4
74, 792705, 2
74, 658655, 1
74, 634992, 1
74, 1098357, 4
74, 635059, 5
74, 658655, 3
74, 660146, 2
74, 637766, 4
74, 637440, 1
74, 663150, 3
74, 1098387, 5
74, 716627, 2
74, 660231, 4
74, 639749, 2
74, 637440, 1
74, 645730, 1
74, 649931, 1
74, 664473, 1
74, 775585, 5
74, 647830, 3
74, 635059, 2
74, 660322, 3
74, 635058, 3
74, 716218, 1
74, 716406, 4
74, 716406, 4
74, 642660, 5
74, 658152, 3
74, 1098387, 5
74, 639749, 3
74, 664147, 1
74, 715540, 3
74, 645988, 1
74, 665029, 1
74, 637187, 4
74, 652332, 4
74, 664147, 4
74, 716431, 3
74, 716431, 3
74, 646738, 4
74, 665029, 1
74, 1098387, 4
74, 663313, 4
74, 645988, 5
74, 1098357, 4
74, 639749, 3
74, 632155, 3
75, 634992, 2
75, 665029, 1
75, 792705, 1
75, 782585, 5
75, 634992, 1
75, 652332, 3
75, 660322, 2
75, 664473, 3
75, 715540, 1
75, 658509, 4
75, 782601, 3
75, 635058, 4
75, 792705, 5
75, 716431, 5
75, 634992, 2
75, 643505, 5
75, 792705, 2
75, 658152, 1
75, 664501, 3
75, 647830, 5
75, 634992, 1
75, 642660, 2
75, 646738, 3
75, 660322, 3
75, 782585, 2
75, 1098387, 4
75, 716406, 5
75, 658509, 1
75, 643505, 2
75, 782585, 1
75, 639749, 5
75, 639749, 2
75, 652332, 3
75, 634992, 2
75, 795431, 4
75, 798400, 4
75, 642660, 4
75, 665029, 5
75, 798400, 2
75, 641958, 3
75, 716218, 3
75, 663313, 4
75, 652332, 2
75, 634992, 5
75, 716431, 5
75, 782585, 1
75, 660322, 2
75, 660322, 1
75, 634992, 1
75, 663150, 1
75, 660231, 4
75, 665029, 5
75, 798400, 1
75, 645988, 5
75, 660231, 2
75, 645988, 1
75, 658655, 5
75, 660322, 2
75, 665029, 4
75, 637766, 1
75, 798956, 5
75, 637440, 3
75, 782585, 3
75, 632155, 4
75, 665016, 1
75, 766453, 2
75, 665016, 4
75, 660146, 2
75, 664473, 4
75, 646738, 4
75, 649931, 3
75, 792705, 5
75, 660322, 4
75, 665016, 4
75, 633160, 4
76, 716218, 2
76, 633160, 1
76, 792705, 2
76, 663313, 5
76, 716415, 1
76, 660146, 4
76, 633221, 3
76, 633221, 3
76, 635058, 1
76, 633221, 2
76, 664501, 1
76, 660146, 3
76, 635058, 1
76, 665029, 1
76, 658152, 1
76, 661188, 4
76, 782585, 3
76, 641958, 5
76, 795431, 1
76, 633221, 3
76, 664473, 3
76, 782601, 3
76, 646738, 3
76, 798956, 1
76, 645988, 1
76, 637440, 5
76, 635059, 1
76, 664473, 4
76, 658509, 2
76, 798400, 4
76, 716627, 4
76, 652332, 3
76, 635059, 5
76, 665029, 1
76, 1098357, 5
76, 643505, 4
76, 798400, 2
76, 633221, 2
76, 637440, 2
76, 663313, 5
76, 716627, 3
76, 716415, 1
76, 641958, 1
76, 637187, 2
76, 658509, 3
76, 795431, 3
76, 641958, 5
76, 663150, 1
76, 634992, 2
76, 658509, 3
76, 792705, 4
76, 1098387, 3
76, 645988, 4
76, 649931, 4
76, 642660, 3
76, 664473, 4
76, 660146, 3
76, 663150, 4
76, 716406, 4
76, 766453, 5
76, 646738, 3
76, 716218, 5
76, 1098357, 3
76, 642660, 2
76, 643505, 2
76, 635059, 4
76, 637440, 3
76, 637766, 2
76, 641958, 3
76, 782601, 5
76, 632155, 3
76, 798400, 4
76, 633221, 1
76, 633221, 2
76, 661188, 3
76, 660231, 1
77, 664473, 4
77, 664147, 3
77, 664501, 4
77, 637766, 4
77, 664147, 3
77, 652332, 4
77, 798400, 5
77, 716406, 2
77, 635058, 5
77, 665029, 5
77, 798400, 1
77, 660231, 5
77, 782585, 3
77, 716627, 5
77, 663150, 4
77, 716406, 5
77, 639749, 4
77, 795431, 3
77, 635059, 3
77, 716406, 3
77, 637187, 4
77, 665016, 3
77, 658509, 4
77, 664501, 3
77, 635059, 3
77, 645988, 5
77, 798956, 3
77, 716406, 2
77, 660322, 2
77, 637440, 1
77, 798400, 5
77, 635059, 3
77, 635059, 5
77, 1098387, 1
77, 798400, 2
77, 637440, 5
77, 660146, 4
77, 634992, 2
77, 766453, 1
77, 716218, 2
77, 652332, 4
77, 716627, 2
77, 664501, 1
77, 637766, 5
77, 646738, 5
77, 663313, 4
77, 663313, 2
77, 637766, 2
77, 652332, 5
77, 637187, 3
77, 775585, 5
77, 792705, 1
77, 664147, 5
77, 775585, 3
77, 766453, 3
77, 716627, 5
77, 645730, 1
77, 782601, 5
77, 766453, 2
77, 658655, 5
77, 665016, 2
77, 652332, 3
77, 635058, 1
77, 660146, 5
77, 645988, 2
77, 634992, 4
77, 633160, 2
77, 649931, 2
77, 1098387, 4
77, 664473, 1
77, 632155, 2
77, 635058, 3
77, 782601, 1
77, 652332, 4
77, 775585, 5
77, 664501, 5
77, 716406, 4
78, 646738, 3
78, 642660, 1
78, 664473, 2
78, 766453, 2
78, 775585, 3
78, 658152, 2
78, 647830, 2
78, 792705, 1
78, 775585, 1
78, 1098387, 4
78, 716431, 3
78, 775585, 1
78, 635058, 2
78, 635059, 5
78, 645730, 1
78, 1098357, 4
78, 775585, 5
78, 716415, 3
78, 645988, 5
78, 795431, 1
78, 766453, 5
78, 632155, 3
78, 637766, 2
78, 795431, 1
78, 658152, 3
78, 634992, 3
78, 716627, 3
78, 660146, 5
78, 664147, 3
78, 658655, 3
78, 665029, 2
78, 798956, 4
78, 649931, 2
78, 795431, 1
78, 664473, 2
78, 715540, 1
78, 782585, 1
78, 660231, 4
78, 635059, 2
78, 716627, 2
78, 633221, 4
78, 1098357, 4
78, 782601, 5
78, 634992, 5
78, 792705, 3
78, 716415, 2
78, 633221, 1
78, 633160, 5
78, 639749, 4
78, 637766, 5
78, 715540, 1
78, 798400, 4
78, 658655, 4
78, 766453, 5
78, 664147, 3
78, 716415, 1
78, 652332, 1
78, 639749, 1
78, 658655, 5
78, 633160, 3
78, 645988, 2
78, 782601, 3
78, 665016, 3
78, 716218, 3
78, 716413, 1
78, 635059, 5
78, 792705, 5
78, 645730, 5
78, 716627, 1
78, 637440, 4
78, 665016, 5
78, 782585, 4
78, 639749, 2
78, 646738, 3
78, 649931, 3
78, 637187, 4
78, 646738, 5
78, 634992, 3
79, 637187, 3
79, 1098387, 3
79, 716413, 5
79, 660231, 1
79, 795431, 4
79, 661188, 3
79, 716218, 4
79, 637766, 5
79, 660322, 5
79, 637766, 3
79, 658509, 2
79, 639749, 5
79, 1098357, 5
79, 660231, 3
79, 632155, 5
79, 798400, 5
79, 775585, 1
79, 665029, 1
79, 635059, 5
79, 792705, 5
79, 647830, 5
79, 664147, 2
79, 649931, 3
79, 665029, 1
79, 658509, 3
79, 664501, 3
79, 635058, 2
79, 645988, 1
79, 795431, 1
79, 641958, 5
79, 716431, 4
79, 665016, 3
79, 664501, 3
79, 647830, 4
79, 795431, 4
79, 635058, 1
79, 795431, 5
79, 716627, 5
79, 792705, 2
79, 645730, 4
79, 715540, 2
79, 637187, 2
79, 646738, 3
79, 798400, 2
79, 798400, 3
79, 635059, 4
79, 660146, 2
79, 795431, 3
79, 664473, 5
79, 633160, 3
79, 637187, 1
79, 664147, 1
79, 798956, 3
79, 645730, 4
79, 663150, 5
79, 661188, 3
79, 715540, 2
79, 716406, 2
79, 775585, 5
79, 663313, 2
79, 646738, 5
79, 660322, 3
79, 645988, 5
79, 663150, 1
79, 633221, 2
79, 665029, 1
79, 639749, 1
79, 642660, 5
79, 658655, 5
79, 632155, 1
79, 658655, 2
79, 716413, 2
79, 658152, 3
79, 716413, 3
79, 652332, 2
79, 661188, 4
79, 798400, 3
79, 632155, 3
79, 632155, 2
80, 658509, 4
80, 775585, 3
80, 792705, 4
80, 716413, 1
80, 642660, 2
80, 664147, 4
80, 792705, 3
80, 782585, 5
80, 716218, 1
80, 798400, 2
80, 661188, 5
80, 792705, 1
80, 645988, 2
80, 637187, 1
80, 1098357, 5
80, 716415, 2
80, 798400, 2
80, 643505, 1
80, 647830, 1
80, 716627, 4
80, 642660, 2
80, 658509, 2
80, 716406, 5
80, 795431, 5
80, 660322, 2
80, 716431, 3
80, 766453, 3
80, 798956, 1
80, 649931, 4
80, 637766, 2
80, 658655, 2
80, 652332, 5
80, 660146, 5
80, 661188, 5
80, 645988, 4
80, 792705, 1
80, 641958, 1
80, 664501, 3
80, 716431, 5
80, 664501, 4
80, 639749, 5
80, 716406, 1
80, 639749, 4
80, 663313, 5
80, 643505, 5
80, 637187, 4
80, 658655, 2
80, 766453, 5
80, 645730, 3
80, 645988, 2
80, 661188, 5
80, 664147, 5
80, 643505, 4
80, 716415, 5
80, 643505, 5
80, 643505, 5
80, 798400, 3
80, 716627, 4
80, 663150, 5
80, 639749, 2
80, 664473, 4
80, 635058, 3
80, 766453, 4
80, 634992, 4
80, 658509, 3
80, 634992, 5
80, 633160, 2
80, 766453, 4
80, 635058, 3
80, 716431, 3
80, 775585, 4
80, 658152, 4
80, 766453, 2
80, 658655, 4
80, 639749, 5
80, 658655, 3
80, 647830, 4
80, 647830, 3
80, 639749, 1
80, 660146, 2
81, 634992, 2
81, 637766, 2
81, 637440, 2
81, 633160, 1
81, 643505, 1
81, 716413, 4
81, 716218, 2
81, 658509, 2
81, 645730, 3
81, 632155, 3
81, 782601, 5
81, 664147, 4
81, 633221, 3
81, 641958, 5
81, 664473, 5
81, 665029, 5
81, 766453, 4
81, 637766, 1
81, 792705, 3
81, 715540, 3
81, 637440, 4
81, 633221, 2
81, 641958, 1
81, 643505, 3
81, 1098357, 5
81, 660231, 2
81, 782585, 1
81, 637187, 3
81, 663150, 2
81, 633160, 5
81, 634992, 1
81, 716406, 5
81, 664473, 3
81, 658152, 5
81, 633221, 2
81, 782601, 5
81, 639749, 2
81, 782601, 3
81, 1098387, 5
81, 632155, 3
81, 642660, 3
81, 716431, 5
81, 665016, 2
81, 1098387, 1
81, 792705, 4
81, 665029, 1
81, 661188, 5
81, 665016, 2
81, 660146, 5
81, 635059, 3
81, 637440, 4
81, 646738, 5
81, 782585, 2
81, 639749, 1
81, 664473, 4
81, 660322, 3
81, 646738, 3
81, 639749, 4
81, 1098357, 5
81, 716415, 5
81, 637766, 1
81, 798956, 5
81, 798956, 4
81, 658152, 3
81, 798400, 2
81, 798956, 5
81, 658509, 5
81, 798400, 3
81, 643505, 2
81, 716627, 4
81, 660231, 5
81, 637440, 2
81, 664501, 5
81, 635058, 5
81, 649931, 2
81, 645988, 5
81, 665029, 2
81, 637187, 5
81, 792705, 3
81, 637766, 3
81, 664147, 5
82, 637440, 3
82, 795431, 5
82, 798956, 1
82, 642660, 5
82, 663150, 2
82, 652332, 2
82, 658655, 3
82, 647830, 2
82, 792705, 5
82, 661188, 4
82, 775585, 4
82, 639749, 1
82, 639749, 4
82, 645988, 2
82, 658152, 5
82, 716413, 3
82, 635058, 1
82, 664473, 4
82, 634992, 5
82, 716431, 1
82, 665029, 2
82, 645730, 4
82, 664501, 2
82, 658509, 5
82, 645730, 5
82, 633221, 5
82, 716627, 5
82, 637440, 2
82, 645988, 1
82, 665016, 2
82, 635059, 2
82, 1098387, 4
82, 716627, 2
82, 652332, 5
82, 645730, 4
82, 637766, 3
82, 660322, 2
82, 798956, 2
82, 782601, 4
82, 798956, 4
82, 660322, 3
82, 660146, 3
82, 647830, 5
82, 1098357, 5
82, 658509, 5
82, 635058, 3
82, 798956, 1
82, 664147, 2
82, 660146, 2
82, 665016, 3
82, 782601, 4
82, 798400, 1
82, 635058, 2
82, 665029, 5
82, 649931, 1
82, 663313, 3
82, 782601, 3
82, 637766, 3
82, 637766, 1
82, 782585, 1
82, 637440, 4
82, 658509, 4
82, 716431, 4
82, 637187, 5
82, 637766, 4
82, 664473, 3
82, 637440, 1
82, 792705, 3
82, 658655, 3
82, 652332, 2
82, 716431, 3
82, 792705, 2
82, 658655, 4
82, 634992, 1
82, 775585, 2
82, 798400, 5
82, 661188, 1
82, 652332, 3
82, 649931, 3
82, 658509, 5
82, 664147, 2
82, 632155, 3
83, 664147, 4
83, 716431, 3
83, 633221, 5
83, 792705, 1
83, 641958, 5
83, 664147, 2
83, 798400, 3
83, 660231, 1
83, 1098387, 4
83, 635059, 3
83, 798400, 1
83, 643505, 1
83, 663313, 1
83, 716413, 4
83, 635059, 4
83, 782601, 3
83, 647830, 5
83, 716627, 5
83, 782585, 2
83, 716413, 5
83, 634992, 2
83, 634992, 2
83, 716413, 4
83, 658655, 5
83, 664501, 5
83, 635058, 2
83, 716413, 1
83, 658655, 4
83, 798400, 1
83, 663313, 5
83, 634992, 2
83, 643505, 5
83, 664473, 1
83, 649931, 5
83, 658152, 5
83, 716431, 3
83, 664501, 5
83, 715540, 1
83, 766453, 4
83, 664473, 4
83, 658509, 4
83, 775585, 5
83, 664147, 5
83, 637766, 3
83, 716415, 2
83, 716413, 3
83, 1098387, 4
83, 645988, 5
83, 665016, 2
83, 642660, 3
83, 652332, 5
83, 645988, 2
83, 658509, 4
83, 798956, 2
83, 798400, 1
83, 637187, 1
83, 637766, 1
83, 660146, 3
83, 660146, 3
83, 1098387, 3
83, 716627, 1
83, 715540, 1
83, 645730, 3
83, 658509, 5
83, 643505, 5
83, 716431, 2
83, 642660, 4
83, 652332, 4
83, 660231, 5
83, 663150, 2
83, 716218, 1
83, 663150, 5
83, 635058, 4
83, 782585, 3
83, 637766, 3
83, 635058, 5
83, 716413, 5
83, 649931, 4
83, 649931, 1
83, 665016, 5
83, 766453, 4
83, 634992, 1
83, 658655, 4
84, 665029, 4
84, 663313, 4
84, 635058, 2
84, 632155, 4
84, 665029, 2
84, 642660, 1
84, 792705, 3
84, 634992, 5
84, 663313, 1
84, 663313, 2
84, 635059, 5
84, 715540, 4
84, 637766, 2
84, 664501, 3
84, 664147, 5
84, 649931, 4
84, 637187, 2
84, 643505, 4
84, 652332, 5
84, 641958, 5
84, 663150, 4
84, 637440, 1
84, 715540, 3
84, 645988, 5
84, 795431, 2
84, 633160, 2
84, 792705, 2
84, 639749, 2
84, 645988, 5
84, 795431, 1
84, 665029, 1
84, 635058, 3
84, 635059, 5
84, 660322, 3
84, 665016, 1
84, 716415, 2
84, 649931, 4
84, 715540, 3
84, 782585, 3
84, 798956, 4
84, 1098387, 4
84, 643505, 1
84, 634992, 5
84, 716431, 5
84, 645730, 4
84, 660146, 3
84, 660322, 4
84, 660146, 2
84, 634992, 3
84, 664473, 4
84, 637766, 3
84, 639749, 1
84, 660146, 2
84, 664501, 3
84, 647830, 5
84, 641958, 4
84, 634992, 3
84, 664501, 5
84, 658509, 4
84, 645988, 1
84, 665029, 3
84, 633160, 1
84, 643505, 1
84, 642660, 4
84, 665029, 5
84, 637187, 4
84, 782601, 1
84, 633160, 3
84, 637187, 4
84, 716415, 1
84, 663313, 1
84, 663313, 3
84, 646738, 3
84, 664147, 4
84, 663150, 3
84, 660231, 3
84, 643505, 4
84, 649931, 1
84, 792705, 4
84, 634992, 4
84, 660231, 5
84, 649931, 3
84, 635059, 1
84, 633160, 1
85, 635058, 4
85, 665016, 3
85, 639749, 1
85, 715540, 4
85, 716413, 4
85, 637766, 5
85, 716413, 4
85, 637766, 1
85, 639749, 4
85, 664147, 4
85, 716415, 1
85, 652332, 3
85, 665029, 2
85, 646738, 5
85, 660231, 1
85, 637440, 1
85, 643505, 3
85, 658509, 5
85, 637187, 5
85, 665016, 2
85, 637440, 5
85, 660231, 5
85, 766453, 4
85, 658152, 5
85, 664501, 2
85, 795431, 4
85, 665016, 5
85, 641958, 3
85, 639749, 5
85, 792705, 4
85, 766453, 1
85, 715540, 1
85, 716413, 3
85, 660322, 2
85, 647830, 2
85, 664473, 3
85, 775585, 4
85, 634992, 2
85, 633221, 5
85, 652332, 3
85, 635059, 1
85, 782585, 4
85, 645988, 2
85, 1098357, 4
85, 649931, 1
85, 645988, 3
85, 664501, 2
85, 782601, 3
85, 634992, 4
85, 632155, 4
85, 665016, 5
85, 633221, 3
85, 643505, 5
85, 633221, 4
85, 798956, 3
85, 660322, 4
85, 663150, 4
85, 641958, 4
85, 637766, 5
85, 637766, 4
85, 663150, 5
85, 716627, 1
85, 639749, 3
85, 716406, 4
85, 792705, 5
85, 635058, 5
85, 1098357, 3
85, 645730, 3
85, 663313, 5
85, 641958, 2
85, 635058, 1
85, 661188, 2
85, 660322, 2
85, 798400, 5
85, 1098387, 2
85, 660322, 4
85, 647830, 5
85, 665029, 5
85, 639749, 1
85, 646738, 2
85, 649931, 3
85, 795431, 3
85, 766453, 3
85, 775585, 1
85, 766453, 4
86, 716415, 2
86, 642660, 2
86, 664147, 5
86, 645988, 4
86, 635059, 2
86, 665016, 1
86, 665016, 4
86, 716415, 4
86, 658655, 4
86, 715540, 5
86, 798400, 4
86, 798400, 3
86, 647830, 3
86, 633160, 3
86, 716406, 5
86, 646738, 3
86, 643505, 5
86, 652332, 2
86, 798400, 2
86, 766453, 1
86, 643505, 1
86, 646738, 4
86, 663313, 2
86, 665029, 1
86, 782585, 5
86, 637440, 1
86, 792705, 5
86, 633221, 5
86, 647830, 2
86, 716627, 2
86, 795431, 4
86, 716406, 5
86, 664147, 4
86, 663150, 3
86, 716431, 4
86, 660146, 4
86, 660146, 5
86, 798956, 4
86, 649931, 2
86, 649931, 1
86, 634992, 2
86, 646738, 2
86, 782601, 4
86, 716627, 1
86, 766453, 4
86, 792705, 5
86, 663313, 2
86, 658152, 1
86, 660146, 1
86, 647830, 2
86, 633160, 2
86, 716218, 2
86, 643505, 2
86, 645730, 2
86, 632155, 4
86, 716415, 2
86, 658655, 2
86, 716627, 4
86, 660231, 3
86, 766453, 3
86, 782585, 4
86, 646738, 3
86, 661188, 3
86, 643505, 5
86, 665016, 2
86, 645730, 1
86, 716415, 1
86, 658655, 3
86, 716218, 4
86, 661188, 2
86, 661188, 2
86, 775585, 5
86, 792705, 2
86, 663150, 1
86, 716431, 5
86, 798400, 1
86, 665016, 3
86, 663150, 4
86, 646738, 1
86, 647830, 3
86, 632155, 3
86, 647830, 5
86, 663313, 5
86, 647830, 3
86, 716218, 5
86, 660146, 1
87, 664147, 5
87, 643505, 5
87, 635059, 1
87, 782585, 1
87, 635058, 3
87, 643505, 3
87, 665016, 4
87, 664147, 4
87, 716627, 4
87, 664147, 2
87, 798956, 4
87, 782585, 3
87, 716627, 1
87, 716406, 5
87, 635058, 3
87, 645730, 2
87, 637187, 3
87, 645730, 3
87, 661188, 1
87, 792705, 2
87, 1098357, 1
87, 658152, 2
87, 716415, 5
87, 663150, 5
87, 649931, 4
87, 660322, 3
87, 716627, 2
87, 649931, 4
87, 635059, 5
87, 775585, 1
87, 643505, 3
87, 665029, 3
87, 663313, 3
87, 647830, 1
87, 782601, 1
87, 782585, 5
87, 716413, 1
87, 664501, 3
87, 649931, 5
87, 660231, 4
87, 635058, 4
87, 635059, 4
87, 642660, 1
87, 664147, 2
87, 647830, 1
87, 634992, 3
87, 664501, 2
87, 646738, 4
87, 646738, 2
87, 642660, 3
87, 658509, 4
87, 641958, 5
87, 652332, 2
87, 645988, 5
87, 652332, 1
87, 641958, 5
87, 1098357, 4
87, 782585, 4
87, 658509, 3
87, 782601, 5
87, 716218, 2
87, 716218, 5
87, 664473, 2
87, 716413, 5
87, 646738, 2
87, 665029, 5
87, 646738, 4
87, 643505, 4
87, 639749, 4
87, 664501, 4
87, 660322, 4
87, 792705, 5
87, 643505, 3
87, 782601, 5
87, 645730, 5
87, 660231, 1
87, 782585, 3
87, 660322, 4
87, 782601, 2
87, 665016, 5
87, 642660, 1
87, 637766, 4
87, 716431, 3
87, 647830, 1
87, 645988, 3
87, 645730, 5
87, 658509, 4
88, 637187, 5
88, 646738, 3
88, 641958, 4
88, 792705, 1
88, 664147, 4
88, 647830, 5
88, 1098357, 4
88, 716406, 3
88, 716415, 3
88, 766453, 4
88, 633221, 2
88, 639749, 3
88, 716627, 2
88, 646738, 1
88, 715540, 5
88, 642660, 2
88, 647830, 2
88, 632155, 2
88, 1098387, 3
88, 1098357, 3
88, 716415, 3
88, 635058, 2
88, 775585, 3
88, 716413, 3
88, 635058, 4
88, 642660, 2
88, 664147, 5
88, 716413, 5
88, 658152, 3
88, 716406, 2
88, 646738, 1
88, 716627, 1
88, 782601, 3
88, 658655, 2
88, 664147, 4
88, 643505, 5
88, 1098357, 1
88, 652332, 5
88, 660146, 4
88, 660231, 1
88, 664501, 5
88, 645988, 1
88, 716415, 2
88, 716627, 2
88, 798956, 4
88, 635058, 5
88, 642660, 1
88, 663313, 3
88, 649931, 1
88, 715540, 5
88, 639749, 4
88, 637440, 5
88, 1098357, 4
88, 775585, 2
88, 792705, 3
88, 645988, 3
88, 798956, 1
88, 660231, 3
88, 716627, 5
88, 782601, 2
88, 639749, 5
88, 632155, 5
88, 645988, 4
88, 716431, 5
88, 637440, 2
88, 775585, 4
88, 649931, 2
88, 637440, 5
88, 645730, 1
88, 798956, 2
88, 716413, 2
88, 661188, 1
88, 716627, 3
88, 663150, 5
88, 663313, 3
88, 716406, 5
88, 658509, 5
88, 798956, 1
88, 663150, 3
88, 647830, 2
88, 795431, 3
88, 663313, 5
88, 637766, 2
88, 637440, 2
88, 633160, 2
88, 663313, 2
88, 652332, 4
88, 798400, 3
89, 645730, 4
89, 798956, 4
89, 716218, 2
89, 660322, 1
89, 775585, 5
89, 660146, 3
89, 663313, 1
89, 633221, 5
89, 716627, 4
89, 715540, 4
89, 660146, 5
89, 716406, 1
89, 652332, 4
89, 716406, 2
89, 635058, 3
89, 660146, 5
89, 798400, 5
89, 663150, 4
89, 643505, 5
89, 643505, 4
89, 1098387, 3
89, 643505, 5
89, 661188, 3
89, 664501, 3
89, 658509, 1
89, 652332, 2
89, 642660, 5
89, 798956, 3
89, 665016, 3
89, 663150, 5
89, 652332, 4
89, 715540, 2
89, 716413, 1
89, 795431, 4
89, 1098387, 1
89, 716218, 3
89, 633221, 3
89, 716431, 4
89, 775585, 3
89, 660231, 2
89, 637766, 1
89, 795431, 5
89, 652332, 3
89, 637187, 2
89, 660322, 3
89, 637440, 3
89, 798400, 3
89, 665029, 2
89, 798400, 3
89, 798400, 1
89, 660322, 2
89, 665016, 4
89, 658509, 3
89, 660322, 4
89, 716406, 2
89, 658152, 4
89, 782601, 2
89, 1098357, 2
89, 664147, 5
89, 766453, 3
89, 1098357, 1
89, 775585, 5
89, 645988, 1
89, 649931, 3
89, 642660, 3
89, 665016, 3
89, 716218, 1
89, 643505, 5
89, 775585, 2
89, 652332, 1
89, 716431, 3
89, 641958, 4
89, 641958, 3
89, 661188, 4
89, 798400, 1
89, 1098357, 5
89, 663150, 3
89, 643505, 3
89, 716406, 5
89, 792705, 5
89, 634992, 4
89, 795431, 4
89, 637766, 4
89, 658655, 5
89, 637187, 1
89, 660146, 5
89, 716627, 1
89, 716218, 5
89, 637440, 3
90, 634992, 5
90, 795431, 1
90, 716218, 4
90, 647830, 1
90, 635058, 2
90, 641958, 1
90, 716627, 1
90, 716431, 1
90, 716627, 2
90, 645730, 5
90, 633221, 3
90, 664473, 3
90, 643505, 1
90, 660322, 3
90, 782585, 5
90, 1098357, 5
90, 716415, 3
90, 658509, 1
90, 641958, 3
90, 637440, 4
90, 716218, 4
90, 664501, 1
90, 658509, 3
90, 661188, 1
90, 658152, 5
90, 634992, 1
90, 658152, 2
90, 633221, 1
90, 639749, 5
90, 716415, 4
90, 632155, 5
90, 637766, 2
90, 664473, 4
90, 798400, 4
90, 664473, 5
90, 775585, 1
90, 639749, 5
90, 649931, 3
90, 664473, 2
90, 658152, 1
90, 633221, 5
90, 663150, 2
90, 652332, 2
90, 633221, 1
90, 645730, 3
90, 643505, 4
90, 663313, 4
90, 642660, 2
90, 665016, 3
90, 646738, 1
90, 716415, 1
90, 1098357, 2
90, 715540, 1
90, 642660, 3
90, 664147, 1
90, 642660, 5
90, 782601, 4
90, 637766, 3
90, 649931, 4
90, 637440, 3
90, 716627, 1
90, 775585, 4
90, 795431, 1
90, 634992, 2
90, 716431, 2
90, 660146, 2
90, 716218, 5
90, 716413, 3
90, 634992, 1
90, 798400, 2
90, 634992, 5
90, 645988, 4
90, 715540, 1
90, 716431, 1
90, 660146, 4
90, 660231, 5
90, 716218, 5
90, 645988, 4
90, 766453, 1
90, 634992, 4
90, 647830, 5
90, 645730, 4
90, 716431, 4
90, 766453, 3
90, 637440, 2
90, 637766, 3
90, 716406, 5
90, 663313, 2
90, 716415, 5
90, 665029, 3
91, 716406, 3
91, 664501, 3
91, 633160, 2
91, 639749, 3
91, 647830, 1
91, 663313, 2
91, 716406, 2
91, 645730, 5
91, 658655, 2
91, 716413, 1
91, 663150, 5
91, 637440, 2
91, 658509, 4
91, 792705, 4
91, 658655, 1
91, 716413, 3
91, 716415, 4
91, 658509, 5
91, 634992, 3
91, 795431, 5
91, 716413, 2
91, 643505, 3
91, 716431, 1
91, 766453, 4
91, 637440, 2
91, 641958, 4
91, 635058, 2
91, 664473, 4
91, 660322, 3
91, 664501, 1
91, 645730, 1
91, 798956, 4
91, 637440, 5
91, 639749, 5
91, 642660, 5
91, 637440, 2
91, 660322, 4
91, 716627, 3
91, 658152, 4
91, 663150, 1
91, 798400, 5
91, 649931, 5
91, 716413, 3
91, 649931, 1
91, 1098357, 5
91, 646738, 1
91, 635059, 2
91, 645988, 1
91, 660231, 2
91, 716218, 2
91, 637766, 4
91, 716431, 5
91, 792705, 4
91, 637187, 5
91, 632155, 2
91, 658509, 1
91, 716413, 4
91, 649931, 2
91, 664147, 4
91, 660231, 2
91, 664501, 1
91, 716406, 5
91, 661188, 2
91, 660146, 3
91, 1098387, 4
91, 635058, 1
91, 658655, 2
91, 658509, 3
91, 782601, 5
91, 716431, 1
91, 664147, 2
91, 635058, 3
91, 795431, 2
91, 664473, 4
91, 661188, 2
91, 633160, 5
91, 782585, 2
91, 642660, 2
91, 652332, 2
91, 647830, 2
91, 716627, 3
91, 641958, 4
91, 664501, 4
91, 635059, 1
91, 716431, 3
91, 792705, 2
91, 634992, 2
91, 634992, 2
91, 637766, 4
91, 634992, 2
91, 663313, 2
92, 716406, 5
92, 664501, 4
92, 664473, 4
92, 716415, 5
92, 663150, 5
92, 658509, 2
92, 716627, 5
92, 664501, 4
92, 798956, 5
92, 716415, 1
92, 632155, 5
92, 1098357, 1
92, 645988, 2
92, 664501, 2
92, 716406, 3
92, 665029, 5
92, 716415, 5
92, 766453, 2
92, 637766, 3
92, 660231, 4
92, 646738, 4
92, 645988, 5
92, 716431, 4
92, 716218, 2
92, 716415, 5
92, 649931, 4
92, 634992, 4
92, 642660, 3
92, 798400, 3
92, 782585, 4
92, 643505, 4
92, 639749, 3
92, 664147, 1
92, 647830, 2
92, 766453, 3
92, 792705, 5
92, 637187, 5
92, 766453, 2
92, 715540, 1
92, 716431, 1
92, 664473, 3
92, 664473, 3
92, 1098387, 3
92, 716415, 1
92, 645730, 2
92, 665029, 3
92, 1098357, 1
92, 645730, 4
92, 766453, 3
92, 792705, 3
92, 798956, 1
92, 663150, 5
92, 649931, 2
92, 792705, 5
92, 652332, 2
92, 658509, 5
92, 1098357, 4
92, 637187, 5
92, 646738, 4
92, 647830, 4
92, 646738, 5
92, 798956, 4
92, 782585, 5
92, 716627, 4
92, 634992, 5
92, 792705, 4
92, 645730, 4
92, 664147, 5
92, 652332, 4
92, 660322, 3
92, 716413, 5
92, 716627, 3
92, 665016, 3
92, 637440, 4
92, 1098357, 5
92, 1098387, 2
92, 664501, 5
92, 663313, 1
92, 664147, 1
92, 716431, 4
92, 633221, 4
92, 716413, 5
92, 782585, 4
92, 665029, 4
92, 633160, 1
92, 660322, 1
92, 664147, 3
92, 1098387, 4
92, 660146, 4
92, 663313, 4
92, 637187, 3
92, 798956, 2
93, 716218, 1
93, 716218, 1
93, 1098387, 4
93, 665029, 2
93, 660322, 5
93, 716218, 1
93, 647830, 5
93, 664147, 5
93, 716406, 2
93, 639749, 2
93, 665029, 3
93, 798956, 5
93, 649931, 5
93, 634992, 3
93, 647830, 3
93, 641958, 2
93, 637187, 1
93, 716431, 3
93, 795431, 2
93, 798400, 4
93, 639749, 3
93, 663150, 5
93, 658509, 1
93, 634992, 1
93, 795431, 4
93, 660231, 1
93, 665016, 1
93, 646738, 3
93, 716431, 5
93, 634992, 4
93, 633221, 3
93, 643505, 3
93, 665029, 1
93, 652332, 1
93, 645988, 5
93, 716627, 5
93, 635059, 5
93, 716413, 1
93, 645730, 2
93, 660322, 1
93, 652332, 1
93, 664473, 1
93, 658509, 1
93, 632155, 5
93, 663313, 2
93, 646738, 1
93, 658509, 5
93, 633160, 1
93, 649931, 1
93, 715540, 5
93, 664501, 1
93, 663150, 4
93, 716627, 3
93, 660322, 4
93, 634992, 1
93, 649931, 3
93, 798956, 5
93, 716431, 5
93, 660231, 1
93, 716415, 3
93, 660231, 2
93, 792705, 3
93, 642660, 3
93, 795431, 5
93, 645730, 5
93, 641958, 2
93, 798400, 3
93, 649931, 5
93, 795431, 2
93, 775585, 5
93, 652332, 4
93, 661188, 5
93, 641958, 3
93, 716413, 3
93, 798956, 5
93, 645988, 4
93, 716218, 2
93, 664501, 1
93, 798956, 1
93, 716406, 4
93, 664147, 5
93, 782585, 1
93, 664473, 2
93, 775585, 4
93, 1098357, 3
93, 658655, 5
93, 664147, 3
93, 715540, 2
93, 639749, 2
93, 637440, 2
93, 664473, 5
93, 716218, 3
93, 633221, 2
94, 658509, 3
94, 633221, 3
94, 645730, 2
94, 642660, 5
94, 782585, 3
94, 775585, 2
94, 782601, 2
94, 716431, 1
94, 782601, 4
94, 632155, 2
94, 643505, 1
94, 766453, 2
94, 664501, 2
94, 633221, 1
94, 641958, 2
94, 716413, 3
94, 660231, 3
94, 660231, 2
94, 664473, 1
94, 637187, 1
94, 647830, 1
94, 658509, 1
94, 647830, 4
94, 649931, 2
94, 647830, 2
94, 660322, 5
94, 716413, 3
94, 632155, 1
94, 658655, 4
94, 637440, 5
94, 633221, 1
94, 637440, 4
94, 634992, 2
94, 641958, 5
94, 637187, 5
94, 792705, 4
94, 716431, 5
94, 766453, 2
94, 645988, 4
94, 637187, 1
94, 660322, 4
94, 633221, 3
94, 658655, 1
94, 649931, 4
94, 647830, 5
94, 646738, 1
94, 716627, 2
94, 637440, 2
94, 798400, 3
94, 647830, 1
94, 641958, 5
94, 665016, 3
94, 716627, 4
94, 716413, 5
94, 782601, 2
94, 716218, 4
94, 716415, 4
94, 637766, 1
94, 646738, 5
94, 665016, 1
94, 795431, 4
94, 792705, 1
94, 766453, 5
94, 665029, 3
94, 647830, 3
94, 795431, 1
94, 646738, 1
94, 716413, 4
94, 795431, 3
94, 665016, 3
94, 633160, 3
94, 635058, 2
94, 1098387, 1
94, 633160, 4
94, 633221, 4
94, 716431, 4
94, 637440, 1
94, 652332, 2
94, 647830, 2
94, 658509, 5
94, 660231, 3
94, 637440, 2
94, 795431, 3
94, 634992, 4
94, 664473, 4
94, 658655, 1
94, 660146, 1
94, 665029, 5
94, 634992, 5
94, 782585, 1
94, 645730, 4
94, 633221, 4
94, 632155, 1
94, 643505, 2
95, 660146, 5
95, 664501, 5
95, 633221, 4
95, 646738, 2
95, 661188, 1
95, 716413, 1
95, 634992, 2
95, 660322, 2
95, 658509, 3
95, 798956, 4
95, 647830, 2
95, 665016, 1
95, 775585, 4
95, 658655, 4
95, 632155, 2
95, 632155, 4
95, 658655, 1
95, 645988, 2
95, 660231, 1
95, 647830, 1
95, 637440, 5
95, 635059, 2
95, 716413, 4
95, 647830, 5
95, 716627, 2
95, 633221, 1
95, 716406, 4
95, 1098387, 3
95, 663313, 4
95, 645988, 2
95, 633160, 2
95, 635059, 1
95, 715540, 4
95, 660231, 3
95, 637440, 4
95, 633221, 2
95, 665029, 3
95, 634992, 1
95, 1098357, 2
95, 664473, 1
95, 649931, 1
95, 715540, 3
95, 716627, 3
95, 658655, 1
95, 663150, 3
95, 635058, 1
95, 716406, 4
95, 716627, 5
95, 782601, 2
95, 646738, 5
95, 716413, 1
95, 633160, 3
95, 792705, 4
95, 665029, 3
95, 658509, 3
95, 652332, 3
95, 715540, 1
95, 766453, 2
95, 635058, 1
95, 637440, 4
95, 716431, 1
95, 658152, 5
95, 716431, 3
95, 792705, 5
95, 665016, 5
95, 635058, 4
95, 716406, 4
95, 637440, 4
95, 637187, 5
95, 645730, 3
95, 1098357, 3
95, 1098357, 3
95, 665029, 3
95, 647830, 4
95, 645730, 3
95, 633221, 3
95, 637766, 5
95, 641958, 5
95, 632155, 5
95, 637440, 2
95, 637766, 1
95, 716406, 1
95, 665029, 1
95, 652332, 3
95, 633160, 2
95, 661188, 2
95, 792705, 3
95, 1098387, 2
95, 661188, 5
95, 716627, 4
95, 633160, 5
95, 639749, 4
95, 658655, 3
95, 716218, 5
95, 660322, 4
96, 635058, 3
96, 660231, 4
96, 641958, 5
96, 661188, 4
96, 716627, 5
96, 634992, 3
96, 798400, 3
96, 641958, 2
96, 716406, 5
96, 633221, 4
96, 646738, 5
96, 664473, 4
96, 649931, 4
96, 658509, 3
96, 715540, 1
96, 716415, 1
96, 792705, 5
96, 635058, 1
96, 639749, 2
96, 635059, 5
96, 664473, 3
96, 665016, 5
96, 782585, 5
96, 663313, 1
96, 661188, 1
96, 637440, 4
96, 1098357, 1
96, 664501, 4
96, 632155, 3
96, 795431, 5
96, 658152, 1
96, 716413, 1
96, 645730, 5
96, 665029, 2
96, 663150, 2
96, 649931, 5
96, 795431, 5
96, 775585, 3
96, 716627, 3
96, 663313, 5
96, 795431, 2
96, 639749, 2
96, 660322, 2
96, 665016, 5
96, 775585, 3
96, 658655, 2
96, 795431, 2
96, 645730, 2
96, 795431, 1
96, 646738, 4
96, 635059, 3
96, 782585, 4
96, 658152, 5
96, 716431, 2
96, 660322, 2
96, 795431, 2
96, 658152, 1
96, 637440, 4
96, 637766, 5
96, 646738, 1
96, 632155, 2
96, 664473, 5
96, 795431, 4
96, 646738, 4
96, 663313, 2
96, 775585, 5
96, 715540, 3
96, 658152, 5
96, 661188, 3
96, 660322, 4
96, 716406, 5
96, 716406, 2
96, 716413, 2
96, 641958, 3
96, 633221, 3
96, 639749, 4
96, 716431, 5
96, 665029, 3
96, 1098387, 2
96, 1098357, 1
96, 663313, 3
96, 639749, 3
96, 1098357, 4
96, 635059, 1
96, 798956, 4
96, 782585, 2
96, 652332, 4
96, 782601, 3
96, 664501, 5
96, 798400, 3
96, 660231, 4
96, 637766, 5
96, 633221, 1
96, 649931, 4
96, 645988, 1
96, 658152, 2
97, 1098387, 3
97, 635058, 3
97, 660322, 3
97, 782585, 3
97, 635059, 2
97, 658152, 2
97, 716413, 5
97, 645988, 2
97, 665016, 5
97, 642660, 5
97, 660231, 1
97, 637440, 1
97, 652332, 1
97, 639749, 5
97, 663313, 5
97, 641958, 3
97, 663150, 3
97, 649931, 5
97, 782601, 1
97, 637187, 4
97, 798400, 3
97, 658152, 4
97, 663150, 3
97, 716413, 1
97, 635058, 4
97, 641958, 1
97, 798400, 5
97, 792705, 5
97, 715540, 4
97, 658655, 2
97, 660322, 5
97, 716431, 2
97, 643505, 4
97, 663313, 5
97, 664147, 3
97, 782585, 5
97, 646738, 5
97, 798956, 4
97, 775585, 4
97, 1098357, 2
97, 633221, 4
97, 632155, 4
97, 658152, 5
97, 642660, 1
97, 798956, 1
97, 665016, 2
97, 637766, 2
97, 637766, 5
97, 645988, 5
97, 766453, 5
97, 639749, 2
97, 641958, 3
97, 664147, 2
97, 645988, 4
97, 658655, 3
97, 664147, 2
97, 716627, 2
97, 645988, 2
97, 716413, 2
97, 639749, 1
97, 664147, 5
97, 716406, 3
97, 645988, 1
97, 1098357, 4
97, 635059, 4
97, 716218, 3
97, 795431, 3
97, 782585, 1
97, 665029, 3
97, 633221, 5
97, 716413, 3
97, 645988, 5
97, 658655, 1
97, 660322, 3
97, 645988, 2
97, 716415, 4
97, 664147, 4
97, 649931, 1
97, 632155, 5
97, 637766, 3
97, 716627, 3
97, 658509, 3
97, 715540, 1
97, 637440, 2
97, 633221, 4
97, 716415, 1
97, 632155, 3
97, 658509, 3
97, 716415, 2
97, 637766, 5
97, 716413, 2
97, 716413, 4
97, 645988, 2
97, 645988, 1
97, 782585, 5
97, 716431, 3
97, 1098357, 5
98, 646738, 1
98, 716218, 3
98, 782585, 3
98, 1098357, 5
98, 716218, 1
98, 664147, 4
98, 641958, 5
98, 782585, 2
98, 637766, 3
98, 633221, 4
98, 647830, 3
98, 637766, 2
98, 798956, 2
98, 658152, 3
98, 635059, 2
98, 658152, 4
98, 645988, 4
98, 782585, 2
98, 635058, 3
98, 663150, 5
98, 782601, 3
98, 665029, 5
98, 645730, 5
98, 660146, 3
98, 633221, 3
98, 637187, 4
98, 665029, 2
98, 633160, 4
98, 716413, 1
98, 647830, 4
98, 634992, 2
98, 637187, 2
98, 635059, 5
98, 660322, 5
98, 643505, 4
98, 663150, 2
98, 632155, 1
98, 782601, 2
98, 1098387, 4
98, 637187, 3
98, 637187, 1
98, 643505, 1
98, 658509, 4
98, 660231, 5
98, 716431, 4
98, 660231, 3
98, 792705, 5
98, 658509, 3
98, 775585, 5
98, 665029, 3
98, 782601, 2
98, 646738, 2
98, 1098357, 5
98, 665029, 4
98, 716406, 3
98, 665029, 3
98, 660322, 3
98, 782585, 4
98, 641958, 2
98, 798956, 1
98, 663313, 5
98, 660146, 2
98, 792705, 5
98, 639749, 1
98, 1098357, 1
98, 665029, 5
98, 637187, 1
98, 641958, 2
98, 639749, 4
98, 795431, 2
98, 635058, 5
98, 716415, 2
98, 646738, 4
98, 775585, 2
98, 634992, 4
98, 645730, 4
98, 795431, 1
98, 660322, 2
98, 633221, 4
98, 646738, 3
98, 716627, 5
98, 663313, 1
98, 658655, 1
98, 634992, 1
98, 652332, 5
98, 643505, 5
98, 637440, 1
98, 782601, 3
98, 798400, 5
98, 642660, 5
98, 664501, 3
98, 637187, 1
98, 641958, 3
98, 664147, 3
98, 645730, 2
98, 637187, 2
98, 663150, 3
98, 716627, 3
99, 1098357, 3
99, 660231, 5
99, 660322, 5
99, 647830, 2
99, 782601, 1
99, 716413, 1
99, 645730, 5
99, 1098357, 3
99, 782585, 1
99, 645730, 1
99, 766453, 4
99, 782585, 5
99, 792705, 3
99, 637187, 4
99, 792705, 3
99, 643505, 3
99, 635059, 1
99, 663313, 3
99, 647830, 5
99, 660231, 5
99, 766453, 1
99, 1098357, 1
99, 775585, 3
99, 663313, 1
99, 665016, 2
99, 637187, 5
99, 660322, 4
99, 633221, 4
99, 664147, 2
99, 665029, 5
99, 664147, 2
99, 658152, 1
99, 658152, 1
99, 660322, 5
99, 782601, 3
99, 661188, 2
99, 647830, 1
99, 633221, 3
99, 664147, 5
99, 642660, 5
99, 637440, 3
99, 660322, 5
99, 766453, 2
99, 664473, 3
99, 716406, 1
99, 782585, 2
99, 639749, 1
99, 647830, 2
99, 639749, 2
99, 658655, 2
99, 663150, 2
99, 798956, 5
99, 661188, 5
99, 635059, 1
99, 645730, 1
99, 663150, 4
99, 792705, 1
99, 766453, 3
99, 665016, 2
99, 646738, 3
99, 658152, 4
99, 798400, 5
99, 665016, 5
99, 642660, 3
99, 646738, 5
99, 645730, 3
99, 716627, 4
99, 633221, 4
99, 637440, 4
99, 645730, 1
99, 798956, 3
99, 782601, 3
99, 782601, 3
99, 782601, 5
99, 664501, 3
99, 716627, 4
99, 782601, 2
99, 658655, 1
99, 637440, 1
99, 643505, 4
99, 1098357, 4
99, 645730, 5
99, 798400, 3
99, 798400, 2
99, 658655, 3
99, 664473, 3
99, 661188, 2
99, 798400, 3
99, 716627, 1
99, 716413, 5
99, 716413, 3
99, 660322, 5
99, 660231, 5
99, 766453, 1
99, 637766, 5
99, 665016, 4
99, 782585, 5
99, 635058, 3
99, 798956, 4
100, 716431, 3
100, 632155, 5
100, 642660, 2
100, 637440, 3
100, 637187, 2
100, 798400, 2
100, 632155, 2
100, 637766, 1
100, 716431, 3
100, 663313, 4
100, 716431, 2
100, 645988, 1
100, 795431, 2
100, 665016, 5
100, 782601, 4
100, 716415, 3
100, 716413, 5
100, 637440, 2
100, 637440, 3
100, 634992, 3
100, 664473, 5
100, 642660, 1
100, 795431, 2
100, 649931, 4
100, 639749, 3
100, 632155, 2
100, 665016, 5
100, 635058, 4
100, 1098357, 1
100, 664501, 2
100, 658152, 4
100, 782585, 2
100, 634992, 5
100, 664147, 5
100, 716413, 2
100, 766453, 2
100, 637187, 2
100, 716415, 4
100, 649931, 5
100, 663150, 1
100, 652332, 4
100, 637440, 1
100, 798956, 2
100, 637766, 1
100, 660146, 1
100, 643505, 5
100, 658509, 2
100, 647830, 5
100, 646738, 2
100, 637766, 2
100, 641958, 5
100, 649931, 5
100, 639749, 5
100, 665029, 1
100, 664473, 2
100, 798956, 3
100, 782601, 3
100, 716413, 2
100, 649931, 4
100, 663313, 4
100, 782585, 1
100, 643505, 5
100, 795431, 3
100, 665029, 5
100, 639749, 5
100, 649931, 3
100, 782585, 5
100, 637187, 1
100, 661188, 1
100, 642660, 3
100, 635058, 3
100, 660322, 3
100, 652332, 4
100, 798400, 4
100, 635059, 4
100, 660231, 4
100, 637440, 5
100, 633221, 5
100, 775585, 3
100, 782585, 5
100, 660146, 3
100, 1098357, 4
100, 634992, 4
100, 643505, 4
100, 661188, 4
100, 665016, 5
100, 775585, 2
100, 658509, 2
100, 646738, 4
100, 658655, 5
100, 798956, 3
100, 637766, 3
100, 664473, 1
100, 663313, 4
100, 632155, 3
100, 660146, 3
100, 660231, 3
100, 660231, 4
100, 766453, 3
100, 652332, 3
0, 658655, 4
0, 658152, 5
0, 798400, 3
0, 664501, 4
0, 637187, 4
0, 716415, 2
0, 637766, 1
0, 645730, 5
0, 782601, 2
0, 649931, 3
0, 639749, 5
